candidate_id,data_url,download_attempted,success,download_status,event_count_verified,detected_event_count,output_file,http_status,size_bytes,sha256,error,started_utc,finished_utc
EXTRACTED01_EEC.bib_001,http://cds.cern.ch/record/265717,False,False,not_selected_not_verified_10000_events,False,,,,0,,,2026-06-03T11:19:13+00:00,2026-06-03T11:19:13+00:00
EXTRACTED01_EEC.bib_013,https://cds.cern.ch/record/1500095,False,False,not_selected_not_verified_10000_events,False,,,,0,,,2026-06-03T11:19:13+00:00,2026-06-03T11:19:13+00:00
EXTRACTED01_EEC.bib_014,https://cds.cern.ch/record/2270008,False,False,not_selected_not_verified_10000_events,False,,,,0,,,2026-06-03T11:19:13+00:00,2026-06-03T11:19:13+00:00
EXTRACTED01_EEC.bib_015,https://cds.cern.ch/record/2626478,False,False,not_selected_not_verified_10000_events,False,,,,0,,,2026-06-03T11:19:13+00:00,2026-06-03T11:19:13+00:00
EXTRACTED01_EEC.bib_016,https://cds.cern.ch/record/2651299,False,False,not_selected_not_verified_10000_events,False,,,,0,,,2026-06-03T11:19:13+00:00,2026-06-03T11:19:13+00:00
EXTRACTED01_EEC.bib_017,https://cds.cern.ch/record/272484,False,False,not_selected_not_verified_10000_events,False,,,,0,,,2026-06-03T11:19:13+00:00,2026-06-03T11:19:13+00:00
EXTRACTED01_EEC.bib_018,https://cds.cern.ch/record/2906425,False,False,not_selected_not_verified_10000_events,False,,,,0,,,2026-06-03T11:19:13+00:00,2026-06-03T11:19:13+00:00
EXTRACTED01_EEC.bib_032,https://opendata.cern.ch/record/417,False,False,not_selected_not_verified_10000_events,False,,,,0,,,2026-06-03T11:19:13+00:00,2026-06-03T11:19:13+00:00
CERN_OPENDATA_API_DELPHI_001,https://opendata.cern.ch/api/docs/about-delphi,False,False,not_selected_not_verified_10000_events,False,,,,0,,,2026-06-03T11:19:13+00:00,2026-06-03T11:19:13+00:00
CERN_OPENDATA_API_DELPHI_002,http://opendata.cern.ch/schema/records/docs-v1.0.0.json,False,False,not_selected_not_verified_10000_events,False,,,,0,,,2026-06-03T11:19:13+00:00,2026-06-03T11:19:13+00:00
CERN_OPENDATA_API_DELPHI_003,https://cds.cern.ch/record/212026/files/cer-000124113.pdf,False,False,not_selected_not_verified_10000_events,False,,,,0,,,2026-06-03T11:19:13+00:00,2026-06-03T11:19:13+00:00
CERN_OPENDATA_API_DELPHI_004,https://doi.org/10.1016/0168-9002%2891%2990793-P,False,False,not_selected_not_verified_10000_events,False,,,,0,,,2026-06-03T11:19:13+00:00,2026-06-03T11:19:13+00:00
CERN_OPENDATA_API_DELPHI_005,https://cds.cern.ch/record/295267,False,False,not_selected_not_verified_10000_events,False,,,,0,,,2026-06-03T11:19:13+00:00,2026-06-03T11:19:13+00:00
CERN_OPENDATA_API_DELPHI_006,https://cernlib.web.cern.ch/cernlib/,False,False,not_selected_not_verified_10000_events,False,,,,0,,,2026-06-03T11:19:13+00:00,2026-06-03T11:19:13+00:00
CERN_OPENDATA_API_DELPHI_007,https://gitlab-registry.cern.ch/delphi/deployment/delphi/al9_64,False,False,not_selected_not_verified_10000_events,False,,,,0,,,2026-06-03T11:19:13+00:00,2026-06-03T11:19:13+00:00
CERN_OPENDATA_API_DELPHI_008,https://cds.cern.ch,False,False,not_selected_not_verified_10000_events,False,,,,0,,,2026-06-03T11:19:13+00:00,2026-06-03T11:19:13+00:00
CERN_OPENDATA_API_DELPHI_009,https://opendata.cern.ch/api/docs/delphi-guide-simulation,False,False,not_selected_not_verified_10000_events,False,,,,0,,,2026-06-03T11:19:13+00:00,2026-06-03T11:19:13+00:00
CERN_OPENDATA_API_DELPHI_011,https://gitlab.cern.ch/delphi/examples,False,False,not_selected_not_verified_10000_events,False,,,,0,,,2026-06-03T11:19:13+00:00,2026-06-03T11:19:13+00:00
CERN_OPENDATA_API_DELPHI_012,https://opendata.cern.ch/api/docs/delphi-getting-started,False,False,not_selected_not_verified_10000_events,False,,,,0,,,2026-06-03T11:19:13+00:00,2026-06-03T11:19:13+00:00
CERN_OPENDATA_API_DELPHI_014,https://delphi-www.web.cern.ch/delphi-www/delsec/finalrules/DELPHI_Data_preservation-8.pdf,False,False,not_selected_not_verified_10000_events,False,,,,0,,,2026-06-03T11:19:13+00:00,2026-06-03T11:19:13+00:00
CERN_OPENDATA_API_DELPHI_015,https://cds.cern.ch/,False,False,not_selected_not_verified_10000_events,False,,,,0,,,2026-06-03T11:19:13+00:00,2026-06-03T11:19:13+00:00
CERN_OPENDATA_API_DELPHI_016,http://cds.cern.ch/search?c=DELPHI&sc=1,False,False,not_selected_not_verified_10000_events,False,,,,0,,,2026-06-03T11:19:13+00:00,2026-06-03T11:19:13+00:00
CERN_OPENDATA_API_DELPHI_017,https://gitlab.cern.ch/delphi,False,False,not_selected_not_verified_10000_events,False,,,,0,,,2026-06-03T11:19:13+00:00,2026-06-03T11:19:13+00:00
CERN_OPENDATA_API_DELPHI_018,https://opendata-forum.cern.ch/c/delphi/20,False,False,not_selected_not_verified_10000_events,False,,,,0,,,2026-06-03T11:19:13+00:00,2026-06-03T11:19:13+00:00
CERN_OPENDATA_API_DELPHI_020,https://gitlab.cern.ch/delphi/modern-delphi-examples,False,False,not_selected_not_verified_10000_events,False,,,,0,,,2026-06-03T11:19:13+00:00,2026-06-03T11:19:13+00:00
CERN_OPENDATA_API_DELPHI_022,http://delphiwww.cern.ch/offline/data/castor/html.,False,False,not_selected_not_verified_10000_events,False,,,,0,,,2026-06-03T11:19:13+00:00,2026-06-03T11:19:13+00:00
CERN_OPENDATA_API_DELPHI_024,https://opendata.cern.ch/api/docs/delphi-guide-delgra,False,False,not_selected_not_verified_10000_events,False,,,,0,,,2026-06-03T11:19:13+00:00,2026-06-03T11:19:13+00:00
CERN_OPENDATA_API_DELPHI_026,https://opendata.cern.ch/api/docs/delphi-guide-docker,False,False,not_selected_not_verified_10000_events,False,,,,0,,,2026-06-03T11:19:13+00:00,2026-06-03T11:19:13+00:00
CERN_OPENDATA_API_DELPHI_028,https://podman.io/,False,False,not_selected_not_verified_10000_events,False,,,,0,,,2026-06-03T11:19:13+00:00,2026-06-03T11:19:13+00:00
CERN_OPENDATA_API_DELPHI_029,https://www.docker.com/,False,False,not_selected_not_verified_10000_events,False,,,,0,,,2026-06-03T11:19:13+00:00,2026-06-03T11:19:13+00:00
CERN_OPENDATA_API_DELPHI_030,https://gitlab.cern.ch/delphi/deployment,False,False,not_selected_not_verified_10000_events,False,,,,0,,,2026-06-03T11:19:13+00:00,2026-06-03T11:19:13+00:00
CERN_OPENDATA_API_DELPHI_031,https://cernlib.web.cern.ch,False,False,not_selected_not_verified_10000_events,False,,,,0,,,2026-06-03T11:19:13+00:00,2026-06-03T11:19:13+00:00
CERN_OPENDATA_API_DELPHI_032,https://opendata.cern.ch/api/docs/delphi-data-release-2024,False,False,not_selected_not_verified_10000_events,False,,,,0,,,2026-06-03T11:19:13+00:00,2026-06-03T11:19:13+00:00
CERN_OPENDATA_API_DELPHI_034,http://cds.cern.ch/search?ln=en&p=&action_search=Search&op1=a&m1=a&p1=&f1=&c=DELPHI&sf=&so=d&rm=&rg=10&sc=1&of=hb,False,False,not_selected_not_verified_10000_events,False,,,,0,,,2026-06-03T11:19:13+00:00,2026-06-03T11:19:13+00:00
CERN_OPENDATA_API_DELPHI_035,https://delphiwww.cern.ch,False,False,not_selected_not_verified_10000_events,False,,,,0,,,2026-06-03T11:19:13+00:00,2026-06-03T11:19:13+00:00
CERN_OPENDATA_API_DELPHI_036,https://opendata.cern.ch/api/docs/delphi-guide-eventserver,False,False,not_selected_not_verified_10000_events,False,,,,0,,,2026-06-03T11:19:13+00:00,2026-06-03T11:19:13+00:00
CERN_OPENDATA_API_DELPHI_038,https://opendata.cern.ch/api/docs/delphi-guide-analysis,False,False,not_selected_not_verified_10000_events,False,,,,0,,,2026-06-03T11:19:13+00:00,2026-06-03T11:19:13+00:00
CERN_OPENDATA_API_DELPHI_041,https://cds.cern.ch/record/2296378/files/hbook.pdf,False,False,not_selected_not_verified_10000_events,False,,,,0,,,2026-06-03T11:19:13+00:00,2026-06-03T11:19:13+00:00
CERN_OPENDATA_API_DELPHI_042,https://cds.cern.ch/record/446554?ln=en,False,False,not_selected_not_verified_10000_events,False,,,,0,,,2026-06-03T11:19:13+00:00,2026-06-03T11:19:13+00:00
CERN_OPENDATA_API_DELPHI_044,https://opendata.cern.ch/api/docs/delphi-guide-cvmfs,False,False,not_selected_not_verified_10000_events,False,,,,0,,,2026-06-03T11:19:13+00:00,2026-06-03T11:19:13+00:00
CERN_OPENDATA_API_DELPHI_046,https://cvmfs.readthedocs.io/en/stable/,False,False,not_selected_not_verified_10000_events,False,,,,0,,,2026-06-03T11:19:13+00:00,2026-06-03T11:19:13+00:00
CERN_OPENDATA_API_DELPHI_047,https://github.com/cern-eos/eos,False,False,not_selected_not_verified_10000_events,False,,,,0,,,2026-06-03T11:19:13+00:00,2026-06-03T11:19:13+00:00
CERN_OPENDATA_API_DELPHI_049,"https://cvmfs.readthedocs.io/en/stable/cpt-quickstart.html,",False,False,not_selected_not_verified_10000_events,False,,,,0,,,2026-06-03T11:19:13+00:00,2026-06-03T11:19:13+00:00
CERN_OPENDATA_API_DELPHI_050,https://eoscta.docs.cern.ch/install/eos/,False,False,not_selected_not_verified_10000_events,False,,,,0,,,2026-06-03T11:19:13+00:00,2026-06-03T11:19:13+00:00
CERN_OPENDATA_API_DELPHI_051,https://eos-web.web.cern.ch/eos-web.,False,False,not_selected_not_verified_10000_events,False,,,,0,,,2026-06-03T11:19:13+00:00,2026-06-03T11:19:13+00:00
CERN_OPENDATA_API_DELPHI_052,https://opendata.cern.ch/api/docs/ten-years-of-cern-open-data-portal,False,False,not_selected_not_verified_10000_events,False,,,,0,,,2026-06-03T11:19:13+00:00,2026-06-03T11:19:13+00:00
CERN_OPENDATA_API_DELPHI_054,https://alice.cern,False,False,not_selected_not_verified_10000_events,False,,,,0,,,2026-06-03T11:19:13+00:00,2026-06-03T11:19:13+00:00
CERN_OPENDATA_API_DELPHI_055,https://atlas.cern/,False,False,not_selected_not_verified_10000_events,False,,,,0,,,2026-06-03T11:19:13+00:00,2026-06-03T11:19:13+00:00
CERN_OPENDATA_API_DELPHI_056,https://cms.cern/,False,False,not_selected_not_verified_10000_events,False,,,,0,,,2026-06-03T11:19:13+00:00,2026-06-03T11:19:13+00:00
CERN_OPENDATA_API_DELPHI_057,https://lhcb.web.cern.ch/,False,False,not_selected_not_verified_10000_events,False,,,,0,,,2026-06-03T11:19:13+00:00,2026-06-03T11:19:13+00:00
CERN_OPENDATA_API_DELPHI_058,https://information-technology.web.cern.ch/,False,False,not_selected_not_verified_10000_events,False,,,,0,,,2026-06-03T11:19:13+00:00,2026-06-03T11:19:13+00:00
CERN_OPENDATA_API_DELPHI_059,https://sis.web.cern.ch/,False,False,not_selected_not_verified_10000_events,False,,,,0,,,2026-06-03T11:19:13+00:00,2026-06-03T11:19:13+00:00
CERN_OPENDATA_API_DELPHI_060,https://dphep.web.cern.ch/,False,False,not_selected_not_verified_10000_events,False,,,,0,,,2026-06-03T11:19:13+00:00,2026-06-03T11:19:13+00:00
CERN_OPENDATA_API_DELPHI_061,https://inveniosoftware.org/,False,False,not_selected_not_verified_10000_events,False,,,,0,,,2026-06-03T11:19:13+00:00,2026-06-03T11:19:13+00:00
CERN_OPENDATA_API_DELPHI_062,https://superuser.openinfra.org/articles/cern-open-data-portal/,False,False,not_selected_not_verified_10000_events,False,,,,0,,,2026-06-03T11:19:13+00:00,2026-06-03T11:19:13+00:00
CERN_OPENDATA_API_DELPHI_063,https://home.web.cern.ch/news/news/accelerators/cern-makes-public-first-data-lhc-experiments,False,False,not_selected_not_verified_10000_events,False,,,,0,,,2026-06-03T11:19:13+00:00,2026-06-03T11:19:13+00:00
CERN_OPENDATA_API_DELPHI_064,https://www.reddit.com/r/IAmA/comments/2nxwkb/a_few_days_ago_cern_launched_an_open_data_portal/,False,False,not_selected_not_verified_10000_events,False,,,,0,,,2026-06-03T11:19:13+00:00,2026-06-03T11:19:13+00:00
CERN_OPENDATA_API_DELPHI_065,https://delphi-www.web.cern.ch/delphi-www/,False,False,not_selected_not_verified_10000_events,False,,,,0,,,2026-06-03T11:19:13+00:00,2026-06-03T11:19:13+00:00
CERN_OPENDATA_API_DELPHI_066,https://en.wikipedia.org/wiki/OPERA_experiment,False,False,not_selected_not_verified_10000_events,False,,,,0,,,2026-06-03T11:19:13+00:00,2026-06-03T11:19:13+00:00
CERN_OPENDATA_API_DELPHI_067,https://www.phenix.bnl.gov/,False,False,not_selected_not_verified_10000_events,False,,,,0,,,2026-06-03T11:19:13+00:00,2026-06-03T11:19:13+00:00
CERN_OPENDATA_API_DELPHI_068,https://totem-experiment.web.cern.ch/,False,False,not_selected_not_verified_10000_events,False,,,,0,,,2026-06-03T11:19:13+00:00,2026-06-03T11:19:13+00:00
CERN_OPENDATA_API_DELPHI_069,https://www.mpp.mpg.de/en/research/data-preservation/jade/,False,False,not_selected_not_verified_10000_events,False,,,,0,,,2026-06-03T11:19:13+00:00,2026-06-03T11:19:13+00:00
CERN_OPENDATA_API_DELPHI_070,https://news.mit.edu/2017/first-open-access-data-large-collider-subatomic-particle-patterns-0929,False,False,not_selected_not_verified_10000_events,False,,,,0,,,2026-06-03T11:19:13+00:00,2026-06-03T11:19:13+00:00
CERN_OPENDATA_API_DELPHI_071,https://cms.cern/news/cms-celebrates-decade-open-data,False,False,not_selected_not_verified_10000_events,False,,,,0,,,2026-06-03T11:19:13+00:00,2026-06-03T11:19:13+00:00
CERN_OPENDATA_API_DELPHI_072,https://profmattstrassler.com/2019/03/19/the-importance-and-challenges-of-open-data-at-the-large-hadron-collider/,False,False,not_selected_not_verified_10000_events,False,,,,0,,,2026-06-03T11:19:13+00:00,2026-06-03T11:19:13+00:00
CERN_OPENDATA_API_DELPHI_073,https://www.nature.com/articles/s41567-018-0342-2,False,False,not_selected_not_verified_10000_events,False,,,,0,,,2026-06-03T11:19:13+00:00,2026-06-03T11:19:13+00:00
CERN_OPENDATA_API_DELPHI_074,https://www.reana.io,False,False,not_selected_not_verified_10000_events,False,,,,0,,,2026-06-03T11:19:13+00:00,2026-06-03T11:19:13+00:00
CERN_OPENDATA_API_DELPHI_075,https://zenodo.org/records/10263204,False,False,not_selected_not_verified_10000_events,False,,,,0,,,2026-06-03T11:19:13+00:00,2026-06-03T11:19:13+00:00
CERN_OPENDATA_API_DELPHI_076,https://cds.cern.ch/record/2745133/files/CERN-OPEN-2020-013.pdf,False,False,not_selected_not_verified_10000_events,False,,,,0,,,2026-06-03T11:19:13+00:00,2026-06-03T11:19:13+00:00
CERN_OPENDATA_API_DELPHI_077,https://cds.cern.ch/record/2835057/files/CERN-OPEN-2022-013.pdf,False,False,not_selected_not_verified_10000_events,False,,,,0,,,2026-06-03T11:19:13+00:00,2026-06-03T11:19:13+00:00
CERN_OPENDATA_API_DELPHI_078,https://rucio.cern.ch/,False,False,not_selected_not_verified_10000_events,False,,,,0,,,2026-06-03T11:19:13+00:00,2026-06-03T11:19:13+00:00
CERN_OPENDATA_API_DELPHI_079,https://dirac.readthedocs.io/,False,False,not_selected_not_verified_10000_events,False,,,,0,,,2026-06-03T11:19:13+00:00,2026-06-03T11:19:13+00:00
CERN_OPENDATA_API_DELPHI_080,https://arxiv.org/pdf/2302.14235v2,False,False,not_selected_not_verified_10000_events,False,,,,0,,,2026-06-03T11:19:13+00:00,2026-06-03T11:19:13+00:00
CERN_OPENDATA_API_DELPHI_081,https://opendata.cern.ch/api/records/80501,False,False,not_selected_not_verified_10000_events,False,,,,0,,,2026-06-03T11:19:13+00:00,2026-06-03T11:19:13+00:00
CERN_OPENDATA_API_DELPHI_082,http://opendata.cern.ch/schema/records/record-v1.0.0.json,False,False,not_selected_not_verified_10000_events,False,,,,0,,,2026-06-03T11:19:13+00:00,2026-06-03T11:19:13+00:00
CERN_OPENDATA_API_DELPHI_083,https://opendata.cern.ch/api/records/80050,False,False,not_selected_not_verified_10000_events,False,,,,0,,,2026-06-03T11:19:13+00:00,2026-06-03T11:19:13+00:00
CERN_OPENDATA_API_DELPHI_085,https://opendata.cern.ch/api/records/80509,False,False,not_selected_not_verified_10000_events,False,,,,0,,,2026-06-03T11:19:13+00:00,2026-06-03T11:19:13+00:00
CERN_OPENDATA_API_DELPHI_087,https://cds.cern.ch/record/2625473/files/delphi-93-5_ocr.pdf,False,False,not_selected_not_verified_10000_events,False,,,,0,,,2026-06-03T11:19:13+00:00,2026-06-03T11:19:13+00:00
CERN_OPENDATA_API_DELPHI_088,https://cds.cern.ch/record/2630031/files/96_139_das_180_prog_219.pdf,False,False,not_selected_not_verified_10000_events,False,,,,0,,,2026-06-03T11:19:13+00:00,2026-06-03T11:19:13+00:00
CERN_OPENDATA_API_DELPHI_089,https://cds.cern.ch/record/2629009/files/delphi-90-37_ocr.pdf,False,False,not_selected_not_verified_10000_events,False,,,,0,,,2026-06-03T11:19:13+00:00,2026-06-03T11:19:13+00:00
CERN_OPENDATA_API_DELPHI_090,https://opendata.cern.ch/api/records/83288,False,False,not_selected_not_verified_10000_events,False,,,,0,,,2026-06-03T11:19:13+00:00,2026-06-03T11:19:13+00:00
CERN_OPENDATA_API_DELPHI_092,https://opendata.cern.ch/docs/delphi-getting-started,False,False,not_selected_not_verified_10000_events,False,,,,0,,,2026-06-03T11:19:13+00:00,2026-06-03T11:19:13+00:00
CERN_OPENDATA_API_DELPHI_093,https://opendata.cern.ch/record/80502,False,False,not_selected_not_verified_10000_events,False,,,,0,,,2026-06-03T11:19:13+00:00,2026-06-03T11:19:13+00:00
CERN_OPENDATA_API_DELPHI_094,https://opendata.cern.ch/record/80505,False,False,not_selected_not_verified_10000_events,False,,,,0,,,2026-06-03T11:19:13+00:00,2026-06-03T11:19:13+00:00
CERN_OPENDATA_API_DELPHI_095,https://opendata.cern.ch/api/records/83538,False,False,not_selected_not_verified_10000_events,False,,,,0,,,2026-06-03T11:19:13+00:00,2026-06-03T11:19:13+00:00
CERN_OPENDATA_API_DELPHI_100,https://opendata.cern.ch/api/records/83256,False,False,not_selected_not_verified_10000_events,False,,,,0,,,2026-06-03T11:19:13+00:00,2026-06-03T11:19:13+00:00
CERN_OPENDATA_API_DELPHI_105,https://opendata.cern.ch/api/records/83530,False,False,not_selected_not_verified_10000_events,False,,,,0,,,2026-06-03T11:19:13+00:00,2026-06-03T11:19:13+00:00
CERN_OPENDATA_API_DELPHI_110,https://opendata.cern.ch/api/records/88474,False,False,not_selected_not_verified_10000_events,False,,,,0,,,2026-06-03T11:19:13+00:00,2026-06-03T11:19:13+00:00
CERN_OPENDATA_API_DELPHI_115,https://opendata.cern.ch/api/records/88491,False,False,not_selected_not_verified_10000_events,False,,,,0,,,2026-06-03T11:19:13+00:00,2026-06-03T11:19:13+00:00
CERN_OPENDATA_API_DELPHI_120,https://opendata.cern.ch/api/records/88493,False,False,not_selected_not_verified_10000_events,False,,,,0,,,2026-06-03T11:19:13+00:00,2026-06-03T11:19:13+00:00
CERN_OPENDATA_API_DELPHI_125,https://opendata.cern.ch/api/records/88471,False,False,not_selected_not_verified_10000_events,False,,,,0,,,2026-06-03T11:19:13+00:00,2026-06-03T11:19:13+00:00
CERN_OPENDATA_API_DELPHI_130,https://opendata.cern.ch/api/records/83298,False,False,not_selected_not_verified_10000_events,False,,,,0,,,2026-06-03T11:19:13+00:00,2026-06-03T11:19:13+00:00
CERN_OPENDATA_API_DELPHI_135,https://opendata.cern.ch/api/records/88466,False,False,not_selected_not_verified_10000_events,False,,,,0,,,2026-06-03T11:19:13+00:00,2026-06-03T11:19:13+00:00
CERN_OPENDATA_API_DELPHI_140,https://opendata.cern.ch/api/records/83307,False,False,not_selected_not_verified_10000_events,False,,,,0,,,2026-06-03T11:19:13+00:00,2026-06-03T11:19:13+00:00
CERN_OPENDATA_API_DELPHI_145,https://opendata.cern.ch/api/records/83319,False,False,not_selected_not_verified_10000_events,False,,,,0,,,2026-06-03T11:19:13+00:00,2026-06-03T11:19:13+00:00
CERN_OPENDATA_API_DELPHI_150,https://opendata.cern.ch/api/records/83522,False,False,not_selected_not_verified_10000_events,False,,,,0,,,2026-06-03T11:19:13+00:00,2026-06-03T11:19:13+00:00
CERN_OPENDATA_API_DELPHI_155,https://opendata.cern.ch/api/records/83326,False,False,not_selected_not_verified_10000_events,False,,,,0,,,2026-06-03T11:19:13+00:00,2026-06-03T11:19:13+00:00
CERN_OPENDATA_API_DELPHI_160,https://opendata.cern.ch/api/records/83518,False,False,not_selected_not_verified_10000_events,False,,,,0,,,2026-06-03T11:19:13+00:00,2026-06-03T11:19:13+00:00
CERN_OPENDATA_API_DELPHI_165,https://opendata.cern.ch/api/records/83514,False,False,not_selected_not_verified_10000_events,False,,,,0,,,2026-06-03T11:19:13+00:00,2026-06-03T11:19:13+00:00
CERN_OPENDATA_API_DELPHI_170,https://opendata.cern.ch/api/records/88452,False,False,not_selected_not_verified_10000_events,False,,,,0,,,2026-06-03T11:19:13+00:00,2026-06-03T11:19:13+00:00
CERN_OPENDATA_API_DELPHI_175,https://opendata.cern.ch/api/records/88457,False,False,not_selected_not_verified_10000_events,False,,,,0,,,2026-06-03T11:19:13+00:00,2026-06-03T11:19:13+00:00
CERN_OPENDATA_API_DELPHI_180,https://opendata.cern.ch/api/records/88459,False,False,not_selected_not_verified_10000_events,False,,,,0,,,2026-06-03T11:19:13+00:00,2026-06-03T11:19:13+00:00
CERN_OPENDATA_API_DELPHI_185,https://opendata.cern.ch/api/records/88478,False,False,not_selected_not_verified_10000_events,False,,,,0,,,2026-06-03T11:19:13+00:00,2026-06-03T11:19:13+00:00
CERN_OPENDATA_API_DELPHI_190,https://opendata.cern.ch/api/records/88480,False,False,not_selected_not_verified_10000_events,False,,,,0,,,2026-06-03T11:19:13+00:00,2026-06-03T11:19:13+00:00
CERN_OPENDATA_API_DELPHI_195,https://opendata.cern.ch/api/records/88485,False,False,not_selected_not_verified_10000_events,False,,,,0,,,2026-06-03T11:19:13+00:00,2026-06-03T11:19:13+00:00
CERN_OPENDATA_API_DELPHI_200,https://opendata.cern.ch/api/records/83282,False,False,not_selected_not_verified_10000_events,False,,,,0,,,2026-06-03T11:19:13+00:00,2026-06-03T11:19:13+00:00
CERN_OPENDATA_API_DELPHI_205,https://opendata.cern.ch/api/records/83272,False,False,not_selected_not_verified_10000_events,False,,,,0,,,2026-06-03T11:19:13+00:00,2026-06-03T11:19:13+00:00
CERN_OPENDATA_API_DELPHI_210,https://opendata.cern.ch/api/records/83546,False,False,not_selected_not_verified_10000_events,False,,,,0,,,2026-06-03T11:19:13+00:00,2026-06-03T11:19:13+00:00
CERN_OPENDATA_API_DELPHI_215,https://opendata.cern.ch/api/records/88482,False,False,not_selected_not_verified_10000_events,False,,,,0,,,2026-06-03T11:19:13+00:00,2026-06-03T11:19:13+00:00
CERN_OPENDATA_API_DELPHI_220,https://opendata.cern.ch/api/records/83526,False,False,not_selected_not_verified_10000_events,False,,,,0,,,2026-06-03T11:19:13+00:00,2026-06-03T11:19:13+00:00
CERN_OPENDATA_API_DELPHI_225,https://opendata.cern.ch/api/records/88476,False,False,not_selected_not_verified_10000_events,False,,,,0,,,2026-06-03T11:19:13+00:00,2026-06-03T11:19:13+00:00
CERN_OPENDATA_API_DELPHI_230,https://opendata.cern.ch/api/records/83292,False,False,not_selected_not_verified_10000_events,False,,,,0,,,2026-06-03T11:19:13+00:00,2026-06-03T11:19:13+00:00
CERN_OPENDATA_API_DELPHI_235,https://opendata.cern.ch/api/records/83534,False,False,not_selected_not_verified_10000_events,False,,,,0,,,2026-06-03T11:19:13+00:00,2026-06-03T11:19:13+00:00
CERN_OPENDATA_API_DELPHI_240,https://opendata.cern.ch/api/records/83542,False,False,not_selected_not_verified_10000_events,False,,,,0,,,2026-06-03T11:19:13+00:00,2026-06-03T11:19:13+00:00
CERN_OPENDATA_API_DELPHI_245,https://opendata.cern.ch/api/records/88487,False,False,not_selected_not_verified_10000_events,False,,,,0,,,2026-06-03T11:19:13+00:00,2026-06-03T11:19:13+00:00
CERN_OPENDATA_API_DELPHI_250,https://opendata.cern.ch/api/records/88489,False,False,not_selected_not_verified_10000_events,False,,,,0,,,2026-06-03T11:19:13+00:00,2026-06-03T11:19:13+00:00
CERN_OPENDATA_API_DELPHI_255,https://opendata.cern.ch/api/records/83554,False,False,not_selected_not_verified_10000_events,False,,,,0,,,2026-06-03T11:19:13+00:00,2026-06-03T11:19:13+00:00
CERN_OPENDATA_API_DELPHI_260,https://opendata.cern.ch/api/records/88500,False,False,not_selected_not_verified_10000_events,False,,,,0,,,2026-06-03T11:19:13+00:00,2026-06-03T11:19:13+00:00
CERN_OPENDATA_API_DELPHI_265,https://opendata.cern.ch/api/records/88502,False,False,not_selected_not_verified_10000_events,False,,,,0,,,2026-06-03T11:19:13+00:00,2026-06-03T11:19:13+00:00
CERN_OPENDATA_API_DELPHI_270,https://opendata.cern.ch/api/records/83264,False,False,not_selected_not_verified_10000_events,False,,,,0,,,2026-06-03T11:19:13+00:00,2026-06-03T11:19:13+00:00
CERN_OPENDATA_API_DELPHI_275,https://opendata.cern.ch/api/records/?sort=bestmatch&q=DELPHI&size=50&page=2,False,False,not_selected_not_verified_10000_events,False,,,,0,,,2026-06-03T11:19:13+00:00,2026-06-03T11:19:13+00:00
CERN_OPENDATA_API_DELPHI_276,https://opendata.cern.ch/api/records/?sort=bestmatch&q=DELPHI&size=50&page=1,False,False,not_selected_not_verified_10000_events,False,,,,0,,,2026-06-03T11:19:13+00:00,2026-06-03T11:19:13+00:00
CERN_OPENDATA_API_DELPHI_OPEN_DATA_009,https://opendata.cern.ch/api/records/417,False,False,not_selected_not_verified_10000_events,False,,,,0,,,2026-06-03T11:19:13+00:00,2026-06-03T11:19:13+00:00
CERN_OPENDATA_API_DELPHI_OPEN_DATA_050,https://opendata.cern.ch/api/records/?sort=bestmatch&q=DELPHI+open+data&size=50&page=1,False,False,not_selected_not_verified_10000_events,False,,,,0,,,2026-06-03T11:19:13+00:00,2026-06-03T11:19:13+00:00
CERN_OPENDATA_API_DELPHI_THRUST_001,https://opendata.cern.ch/api/records/?sort=bestmatch&q=DELPHI+thrust&size=50&page=1,False,False,not_selected_not_verified_10000_events,False,,,,0,,,2026-06-03T11:19:13+00:00,2026-06-03T11:19:13+00:00
CERN_OPENDATA_SEARCH_DELPHI_001,http://browsehappy.com/,False,False,not_selected_not_verified_10000_events,False,,,,0,,,2026-06-03T11:19:13+00:00,2026-06-03T11:19:13+00:00
CERN_OPENDATA_SEARCH_DELPHI_002,http://schema.org/WebPage,False,False,not_selected_not_verified_10000_events,False,,,,0,,,2026-06-03T11:19:13+00:00,2026-06-03T11:19:13+00:00
CERN_OPENDATA_SEARCH_DELPHI_004,https://atlas.cern,False,False,not_selected_not_verified_10000_events,False,,,,0,,,2026-06-03T11:19:13+00:00,2026-06-03T11:19:13+00:00
CERN_OPENDATA_SEARCH_DELPHI_005,https://cdnjs.cloudflare.com/ajax/libs/mathjax/2.7.1/MathJax.js?config=TeX-AMS_HTML,False,False,not_selected_not_verified_10000_events,False,,,,0,,,2026-06-03T11:19:13+00:00,2026-06-03T11:19:13+00:00
CERN_OPENDATA_SEARCH_DELPHI_006,https://cms.cern,False,False,not_selected_not_verified_10000_events,False,,,,0,,,2026-06-03T11:19:13+00:00,2026-06-03T11:19:13+00:00
CERN_OPENDATA_SEARCH_DELPHI_007,https://delphi-www.web.cern.ch,False,False,not_selected_not_verified_10000_events,False,,,,0,,,2026-06-03T11:19:13+00:00,2026-06-03T11:19:13+00:00
CERN_OPENDATA_SEARCH_DELPHI_009,https://github.com/cernopendata/opendata.cern.ch/issues,False,False,not_selected_not_verified_10000_events,False,,,,0,,,2026-06-03T11:19:13+00:00,2026-06-03T11:19:13+00:00
CERN_OPENDATA_SEARCH_DELPHI_012,https://opendata-forum.cern.ch/,False,False,not_selected_not_verified_10000_events,False,,,,0,,,2026-06-03T11:19:13+00:00,2026-06-03T11:19:13+00:00
CERN_OPENDATA_SEARCH_DELPHI_013,https://oss.maxcdn.com/html5shiv/3.7.2/html5shiv.min.js,False,False,not_selected_not_verified_10000_events,False,,,,0,,,2026-06-03T11:19:13+00:00,2026-06-03T11:19:13+00:00
CERN_OPENDATA_SEARCH_DELPHI_014,https://oss.maxcdn.com/respond/1.4.2/respond.min.js,False,False,not_selected_not_verified_10000_events,False,,,,0,,,2026-06-03T11:19:13+00:00,2026-06-03T11:19:13+00:00
CERN_OPENDATA_SEARCH_DELPHI_016,https://twitter.com/cernopendata,False,False,not_selected_not_verified_10000_events,False,,,,0,,,2026-06-03T11:19:13+00:00,2026-06-03T11:19:13+00:00
CERN_OPENDATA_SEARCH_DELPHI_017,https://www.cern.ch,False,False,not_selected_not_verified_10000_events,False,,,,0,,,2026-06-03T11:19:13+00:00,2026-06-03T11:19:13+00:00
CERN_OPENDATA_SEARCH_DELPHI_019,https://wwwjade.mpp.mpg.de,False,False,not_selected_not_verified_10000_events,False,,,,0,,,2026-06-03T11:19:13+00:00,2026-06-03T11:19:13+00:00
INSPIRE_DELPHI_2510_035,https://inspirehep.net/schemas/records/hep.json,False,False,not_selected_not_verified_10000_events,False,,,,0,,,2026-06-03T11:19:13+00:00,2026-06-03T11:19:13+00:00
INSPIRE_DELPHI_2510_096,https://github.com/jingyucms/delphi-nanoaod.,False,False,not_selected_not_verified_10000_events,False,,,,0,,,2026-06-03T11:19:13+00:00,2026-06-03T11:19:13+00:00
INSPIRE_DELPHI_2510_097,https://github.com/jingyucms/,False,False,not_selected_not_verified_10000_events,False,,,,0,,,2026-06-03T11:19:13+00:00,2026-06-03T11:19:13+00:00
INSPIRE_DELPHI_2510_102,https://inspirehep.net/files/06feb8b960f8e0bbd9ee3ce5facc40fb,False,False,not_selected_not_verified_10000_events,False,,,,0,,,2026-06-03T11:19:13+00:00,2026-06-03T11:19:13+00:00
INSPIRE_DELPHI_2510_103,https://inspirehep.net/files/df834c44b7111bce35c917148cd004eb,False,False,not_selected_not_verified_10000_events,False,,,,0,,,2026-06-03T11:19:13+00:00,2026-06-03T11:19:13+00:00
INSPIRE_DELPHI_2510_104,https://inspirehep.net/files/d8b77e79e087bddd595acb1694ac209d,False,False,not_selected_not_verified_10000_events,False,,,,0,,,2026-06-03T11:19:13+00:00,2026-06-03T11:19:13+00:00
INSPIRE_DELPHI_2510_105,https://inspirehep.net/files/acb63f87fc2698da1d210881d8ac9225,False,False,not_selected_not_verified_10000_events,False,,,,0,,,2026-06-03T11:19:13+00:00,2026-06-03T11:19:13+00:00
INSPIRE_DELPHI_2510_106,https://inspirehep.net/files/46365e06881cee1dd19cf7da0646da77,False,False,not_selected_not_verified_10000_events,False,,,,0,,,2026-06-03T11:19:13+00:00,2026-06-03T11:19:13+00:00
INSPIRE_DELPHI_2510_107,https://inspirehep.net/files/9a5ac79847bb6c1f7521b522a6b11bc4,False,False,not_selected_not_verified_10000_events,False,,,,0,,,2026-06-03T11:19:13+00:00,2026-06-03T11:19:13+00:00
INSPIRE_DELPHI_2510_108,https://inspirehep.net/files/65cbf5bad462c4196174de79784a927b,False,False,not_selected_not_verified_10000_events,False,,,,0,,,2026-06-03T11:19:13+00:00,2026-06-03T11:19:13+00:00
INSPIRE_DELPHI_2510_109,https://inspirehep.net/files/0116a12407e594dbc9738157df098a66,False,False,not_selected_not_verified_10000_events,False,,,,0,,,2026-06-03T11:19:13+00:00,2026-06-03T11:19:13+00:00
INSPIRE_DELPHI_2510_110,https://inspirehep.net/files/0b2455493836a3f676d0de788e3bbf52,False,False,not_selected_not_verified_10000_events,False,,,,0,,,2026-06-03T11:19:13+00:00,2026-06-03T11:19:13+00:00
INSPIRE_DELPHI_2510_111,https://inspirehep.net/files/d2571817284bc574ca9434d439740dfe,False,False,not_selected_not_verified_10000_events,False,,,,0,,,2026-06-03T11:19:13+00:00,2026-06-03T11:19:13+00:00
INSPIRE_DELPHI_2510_112,https://inspirehep.net/files/ed548c57a511a79fc4a808d0abbe21f2,False,False,not_selected_not_verified_10000_events,False,,,,0,,,2026-06-03T11:19:13+00:00,2026-06-03T11:19:13+00:00
INSPIRE_DELPHI_2510_113,https://inspirehep.net/files/ffca7b74cb1140e4a3253c3708eb54b8,False,False,not_selected_not_verified_10000_events,False,,,,0,,,2026-06-03T11:19:13+00:00,2026-06-03T11:19:13+00:00
INSPIRE_DELPHI_2510_114,https://inspirehep.net/files/fbb0cbe0ac23871a8d4201af6e560c94,False,False,not_selected_not_verified_10000_events,False,,,,0,,,2026-06-03T11:19:13+00:00,2026-06-03T11:19:13+00:00
INSPIRE_DELPHI_2510_115,https://inspirehep.net/files/08e738c59fe2cb842df72cf76380baab,False,False,not_selected_not_verified_10000_events,False,,,,0,,,2026-06-03T11:19:13+00:00,2026-06-03T11:19:13+00:00
INSPIRE_DELPHI_2510_116,https://inspirehep.net/files/92539c5623823e0a2ec3154747f11ff0,False,False,not_selected_not_verified_10000_events,False,,,,0,,,2026-06-03T11:19:13+00:00,2026-06-03T11:19:13+00:00
INSPIRE_DELPHI_2510_117,https://inspirehep.net/files/32797e4d8ff4bcdfc673c277a5fe7687,False,False,not_selected_not_verified_10000_events,False,,,,0,,,2026-06-03T11:19:13+00:00,2026-06-03T11:19:13+00:00
INSPIRE_DELPHI_2510_118,https://inspirehep.net/files/e6cc8487139ca8d780814ba32b085b56,False,False,not_selected_not_verified_10000_events,False,,,,0,,,2026-06-03T11:19:13+00:00,2026-06-03T11:19:13+00:00
INSPIRE_DELPHI_2510_119,https://inspirehep.net/files/7fa2302d7a762e43603ebe4acfcd097d,False,False,not_selected_not_verified_10000_events,False,,,,0,,,2026-06-03T11:19:13+00:00,2026-06-03T11:19:13+00:00
INSPIRE_DELPHI_2510_120,https://inspirehep.net/files/a067687ba8037e6a6bc499255af6bc56,False,False,not_selected_not_verified_10000_events,False,,,,0,,,2026-06-03T11:19:13+00:00,2026-06-03T11:19:13+00:00
INSPIRE_DELPHI_2510_121,https://inspirehep.net/files/59e016cf27809218a174f3d69437a0d2,False,False,not_selected_not_verified_10000_events,False,,,,0,,,2026-06-03T11:19:13+00:00,2026-06-03T11:19:13+00:00
INSPIRE_DELPHI_2510_122,https://inspirehep.net/files/2ef20fe85e2e7bb9f3ac02e07569545e,False,False,not_selected_not_verified_10000_events,False,,,,0,,,2026-06-03T11:19:13+00:00,2026-06-03T11:19:13+00:00
INSPIRE_DELPHI_2510_123,https://inspirehep.net/files/ec926abf437d5a286dfe9da201935f4f,False,False,not_selected_not_verified_10000_events,False,,,,0,,,2026-06-03T11:19:13+00:00,2026-06-03T11:19:13+00:00
INSPIRE_DELPHI_2510_124,https://inspirehep.net/files/1f9bb34e43f815c8deb00295f5d441d6,False,False,not_selected_not_verified_10000_events,False,,,,0,,,2026-06-03T11:19:13+00:00,2026-06-03T11:19:13+00:00
INSPIRE_DELPHI_2510_125,https://inspirehep.net/files/2f7cbe00888bbf2e390574424d710f43,False,False,not_selected_not_verified_10000_events,False,,,,0,,,2026-06-03T11:19:13+00:00,2026-06-03T11:19:13+00:00
INSPIRE_DELPHI_2510_126,https://inspirehep.net/files/ae2824afb2d4e5013b9ed16f382db648,False,False,not_selected_not_verified_10000_events,False,,,,0,,,2026-06-03T11:19:13+00:00,2026-06-03T11:19:13+00:00
INSPIRE_DELPHI_2510_127,https://inspirehep.net/files/2bd264d6e17694a22d68d7871ec505af,False,False,not_selected_not_verified_10000_events,False,,,,0,,,2026-06-03T11:19:13+00:00,2026-06-03T11:19:13+00:00
INSPIRE_DELPHI_2510_128,https://inspirehep.net/files/67bf095569e2c2c10f5741d4f4926096,False,False,not_selected_not_verified_10000_events,False,,,,0,,,2026-06-03T11:19:13+00:00,2026-06-03T11:19:13+00:00
INSPIRE_DELPHI_2510_129,https://inspirehep.net/files/b1d3de76c5a401d2c3d75b88a2be591e,False,False,not_selected_not_verified_10000_events,False,,,,0,,,2026-06-03T11:19:13+00:00,2026-06-03T11:19:13+00:00
INSPIRE_DELPHI_2510_130,https://inspirehep.net/files/9081d0cef07999f48355f1dd18a25fbe,False,False,not_selected_not_verified_10000_events,False,,,,0,,,2026-06-03T11:19:13+00:00,2026-06-03T11:19:13+00:00
INSPIRE_DELPHI_2510_131,https://inspirehep.net/files/7d9dc5f536e92eb6040164538171e7d8,False,False,not_selected_not_verified_10000_events,False,,,,0,,,2026-06-03T11:19:13+00:00,2026-06-03T11:19:13+00:00
INSPIRE_DELPHI_2510_132,https://inspirehep.net/files/3c01c4cf3c68dd86688d790c5e8ffcc4,False,False,not_selected_not_verified_10000_events,False,,,,0,,,2026-06-03T11:19:13+00:00,2026-06-03T11:19:13+00:00
INSPIRE_DELPHI_2510_133,https://inspirehep.net/files/3492b8f92228dfa9bd196054b682972c,False,False,not_selected_not_verified_10000_events,False,,,,0,,,2026-06-03T11:19:13+00:00,2026-06-03T11:19:13+00:00
INSPIRE_DELPHI_2510_134,https://inspirehep.net/files/4ddf60b559b839cbe21e30816ed297a6,False,False,not_selected_not_verified_10000_events,False,,,,0,,,2026-06-03T11:19:13+00:00,2026-06-03T11:19:13+00:00
INSPIRE_DELPHI_2510_135,https://inspirehep.net/files/f4d1211963a4fa79d2d194303f4d7d0e,False,False,not_selected_not_verified_10000_events,False,,,,0,,,2026-06-03T11:19:13+00:00,2026-06-03T11:19:13+00:00
INSPIRE_DELPHI_2510_136,https://inspirehep.net/files/2f63f25802602e140cfde7d07d46cb37,False,False,not_selected_not_verified_10000_events,False,,,,0,,,2026-06-03T11:19:13+00:00,2026-06-03T11:19:13+00:00
INSPIRE_DELPHI_2510_137,https://inspirehep.net/files/70ba0a4a8b247c6d1afc4b8b300e6967,False,False,not_selected_not_verified_10000_events,False,,,,0,,,2026-06-03T11:19:13+00:00,2026-06-03T11:19:13+00:00
INSPIRE_DELPHI_2510_138,https://inspirehep.net/files/2c1c7460f2039af7b8740500cbbc2a41,False,False,not_selected_not_verified_10000_events,False,,,,0,,,2026-06-03T11:19:13+00:00,2026-06-03T11:19:13+00:00
INSPIRE_DELPHI_2510_139,https://inspirehep.net/files/3e00325feee724593e9b7b0ee86f9416,False,False,not_selected_not_verified_10000_events,False,,,,0,,,2026-06-03T11:19:13+00:00,2026-06-03T11:19:13+00:00
INSPIRE_DELPHI_2510_140,https://inspirehep.net/files/50ccc2460676f95d8fd9d5a3d37d9249,False,False,not_selected_not_verified_10000_events,False,,,,0,,,2026-06-03T11:19:13+00:00,2026-06-03T11:19:13+00:00
INSPIRE_DELPHI_2510_141,https://inspirehep.net/files/a6e92f8348cf994cce6430ddf50c3d20,False,False,not_selected_not_verified_10000_events,False,,,,0,,,2026-06-03T11:19:13+00:00,2026-06-03T11:19:13+00:00
INSPIRE_DELPHI_2510_142,https://inspirehep.net/files/dd4251174eefaa7fa7eae00e23bc9d9e,False,False,not_selected_not_verified_10000_events,False,,,,0,,,2026-06-03T11:19:13+00:00,2026-06-03T11:19:13+00:00
INSPIRE_DELPHI_2510_143,https://inspirehep.net/files/130a4c7825256b7908375a0a3c9b0371,False,False,not_selected_not_verified_10000_events,False,,,,0,,,2026-06-03T11:19:13+00:00,2026-06-03T11:19:13+00:00
INSPIRE_DELPHI_2510_144,https://inspirehep.net/files/48e152e6db650ed7c78fdb8f94da9312,False,False,not_selected_not_verified_10000_events,False,,,,0,,,2026-06-03T11:19:13+00:00,2026-06-03T11:19:13+00:00
INSPIRE_DELPHI_2510_145,https://inspirehep.net/files/012aa8804ef4d76d6817134d6e1f0bc9,False,False,not_selected_not_verified_10000_events,False,,,,0,,,2026-06-03T11:19:13+00:00,2026-06-03T11:19:13+00:00
INSPIRE_DELPHI_2510_146,https://inspirehep.net/files/2de8c684cdba2ed5cc44700cdff14bf5,False,False,not_selected_not_verified_10000_events,False,,,,0,,,2026-06-03T11:19:13+00:00,2026-06-03T11:19:13+00:00
INSPIRE_DELPHI_2510_147,https://inspirehep.net/files/c8d1d662e5054a74e99be9d6f3fa3f59,False,False,not_selected_not_verified_10000_events,False,,,,0,,,2026-06-03T11:19:13+00:00,2026-06-03T11:19:13+00:00
INSPIRE_DELPHI_2510_148,https://inspirehep.net/files/fa66924d2ca3c1520ee1e95d6aef0248,False,False,not_selected_not_verified_10000_events,False,,,,0,,,2026-06-03T11:19:13+00:00,2026-06-03T11:19:13+00:00
INSPIRE_DELPHI_2510_149,https://inspirehep.net/files/6a7b37e23529d4619d870512fcf804e6,False,False,not_selected_not_verified_10000_events,False,,,,0,,,2026-06-03T11:19:13+00:00,2026-06-03T11:19:13+00:00
INSPIRE_DELPHI_2510_150,https://inspirehep.net/files/9018db6d28cf403f080e7d7bdda64d95,False,False,not_selected_not_verified_10000_events,False,,,,0,,,2026-06-03T11:19:13+00:00,2026-06-03T11:19:13+00:00
INSPIRE_DELPHI_2510_151,https://inspirehep.net/files/f45496024759b4dd955f9513471f18a2,False,False,not_selected_not_verified_10000_events,False,,,,0,,,2026-06-03T11:19:13+00:00,2026-06-03T11:19:13+00:00
INSPIRE_DELPHI_2510_152,https://inspirehep.net/files/bd1799018114960fb6f6faa566123dad,False,False,not_selected_not_verified_10000_events,False,,,,0,,,2026-06-03T11:19:13+00:00,2026-06-03T11:19:13+00:00
INSPIRE_DELPHI_2510_153,https://inspirehep.net/files/2a33a30bdb597a7fe38b970cd162b068,False,False,not_selected_not_verified_10000_events,False,,,,0,,,2026-06-03T11:19:13+00:00,2026-06-03T11:19:13+00:00
INSPIRE_DELPHI_2510_154,https://inspirehep.net/files/c6c10a0c0dae4806333acae1799cb87b,False,False,not_selected_not_verified_10000_events,False,,,,0,,,2026-06-03T11:19:13+00:00,2026-06-03T11:19:13+00:00
INSPIRE_DELPHI_2510_155,https://inspirehep.net/files/e5bb9108c6557740e595645db575fbc1,False,False,not_selected_not_verified_10000_events,False,,,,0,,,2026-06-03T11:19:13+00:00,2026-06-03T11:19:13+00:00
INSPIRE_DELPHI_2510_156,https://inspirehep.net/files/c76ecf11693438aa46b3be5c796811fb,False,False,not_selected_not_verified_10000_events,False,,,,0,,,2026-06-03T11:19:13+00:00,2026-06-03T11:19:13+00:00
INSPIRE_DELPHI_2510_157,https://inspirehep.net/files/7dc6d2c63da77123a6c5337591bea5ab,False,False,not_selected_not_verified_10000_events,False,,,,0,,,2026-06-03T11:19:13+00:00,2026-06-03T11:19:13+00:00
INSPIRE_DELPHI_2510_158,https://inspirehep.net/files/71ec29ce798624aef49c4caf258784cd,False,False,not_selected_not_verified_10000_events,False,,,,0,,,2026-06-03T11:19:13+00:00,2026-06-03T11:19:13+00:00
INSPIRE_DELPHI_2510_159,https://inspirehep.net/files/63cf2ec4a606c78f8a9f1ab0f8d4a66e,False,False,not_selected_not_verified_10000_events,False,,,,0,,,2026-06-03T11:19:13+00:00,2026-06-03T11:19:13+00:00
INSPIRE_DELPHI_2510_160,https://inspirehep.net/files/e46db76cde7a1be45d6a9bd14b3ee232,False,False,not_selected_not_verified_10000_events,False,,,,0,,,2026-06-03T11:19:13+00:00,2026-06-03T11:19:13+00:00
INSPIRE_DELPHI_2510_161,https://inspirehep.net/files/9933ce5800e2b02e55f1d85493163c7d,False,False,not_selected_not_verified_10000_events,False,,,,0,,,2026-06-03T11:19:13+00:00,2026-06-03T11:19:13+00:00
INSPIRE_DELPHI_2510_162,https://inspirehep.net/files/4277bf802ec80f3d65b8cfc24926c17f,False,False,not_selected_not_verified_10000_events,False,,,,0,,,2026-06-03T11:19:13+00:00,2026-06-03T11:19:13+00:00
INSPIRE_DELPHI_2510_163,https://inspirehep.net/files/60c1838b50889b6a38471413177b7039,False,False,not_selected_not_verified_10000_events,False,,,,0,,,2026-06-03T11:19:13+00:00,2026-06-03T11:19:13+00:00
INSPIRE_DELPHI_2510_164,https://inspirehep.net/files/632505256118a6b039dcd4ba710ace4b,False,False,not_selected_not_verified_10000_events,False,,,,0,,,2026-06-03T11:19:13+00:00,2026-06-03T11:19:13+00:00
INSPIRE_DELPHI_2510_165,https://inspirehep.net/files/c4ceedb0febedcfad90b3e7b30577797,False,False,not_selected_not_verified_10000_events,False,,,,0,,,2026-06-03T11:19:13+00:00,2026-06-03T11:19:13+00:00
INSPIRE_DELPHI_2510_166,https://inspirehep.net/files/51095ef5b53293f2747152acf1f3ec75,False,False,not_selected_not_verified_10000_events,False,,,,0,,,2026-06-03T11:19:13+00:00,2026-06-03T11:19:13+00:00
INSPIRE_DELPHI_2510_167,https://inspirehep.net/files/00f73fa0ace19d146767cc2b5128ccb7,False,False,not_selected_not_verified_10000_events,False,,,,0,,,2026-06-03T11:19:13+00:00,2026-06-03T11:19:13+00:00
INSPIRE_DELPHI_2510_168,https://inspirehep.net/files/3360026ede3b33a11b3656bd5dc9e330,False,False,not_selected_not_verified_10000_events,False,,,,0,,,2026-06-03T11:19:13+00:00,2026-06-03T11:19:13+00:00
INSPIRE_DELPHI_2510_169,https://inspirehep.net/files/e7ca1499a5c9f8293c1e3a70ac8965ac,False,False,not_selected_not_verified_10000_events,False,,,,0,,,2026-06-03T11:19:13+00:00,2026-06-03T11:19:13+00:00
INSPIRE_DELPHI_2510_170,https://inspirehep.net/files/9efe433be80a3ca03475a98149835999,False,False,not_selected_not_verified_10000_events,False,,,,0,,,2026-06-03T11:19:13+00:00,2026-06-03T11:19:13+00:00
INSPIRE_DELPHI_2510_171,https://inspirehep.net/files/d98be9cfe29f315087af48dc7e89708f,False,False,not_selected_not_verified_10000_events,False,,,,0,,,2026-06-03T11:19:13+00:00,2026-06-03T11:19:13+00:00
INSPIRE_DELPHI_2510_172,https://inspirehep.net/files/0f21d61c154e78a5fb967f106c7f52ef,False,False,not_selected_not_verified_10000_events,False,,,,0,,,2026-06-03T11:19:13+00:00,2026-06-03T11:19:13+00:00
INSPIRE_DELPHI_2510_173,https://inspirehep.net/files/b0f19db2508d1ebe45a85d2acedcec80,False,False,not_selected_not_verified_10000_events,False,,,,0,,,2026-06-03T11:19:13+00:00,2026-06-03T11:19:13+00:00
INSPIRE_DELPHI_2510_174,https://inspirehep.net/files/a98463b2aa9a81ae924e5e09a07b8c4f,False,False,not_selected_not_verified_10000_events,False,,,,0,,,2026-06-03T11:19:13+00:00,2026-06-03T11:19:13+00:00
INSPIRE_DELPHI_2510_175,https://inspirehep.net/files/aab921263b237975d84fa66da806fd65,False,False,not_selected_not_verified_10000_events,False,,,,0,,,2026-06-03T11:19:13+00:00,2026-06-03T11:19:13+00:00
INSPIRE_DELPHI_2510_176,https://inspirehep.net/files/a83a0341f94c1d38ef5801e4c404c1e9,False,False,not_selected_not_verified_10000_events,False,,,,0,,,2026-06-03T11:19:13+00:00,2026-06-03T11:19:13+00:00
INSPIRE_DELPHI_2510_177,https://inspirehep.net/files/a419d428f1e633b91a3e0669eb930506,False,False,not_selected_not_verified_10000_events,False,,,,0,,,2026-06-03T11:19:13+00:00,2026-06-03T11:19:13+00:00
INSPIRE_DELPHI_2510_178,https://inspirehep.net/files/fd6582040958f6ff6255cee9f3911072,False,False,not_selected_not_verified_10000_events,False,,,,0,,,2026-06-03T11:19:13+00:00,2026-06-03T11:19:13+00:00
INSPIRE_DELPHI_2510_179,https://inspirehep.net/files/121f3b1754c7354b59d5a81411f3cc61,False,False,not_selected_not_verified_10000_events,False,,,,0,,,2026-06-03T11:19:13+00:00,2026-06-03T11:19:13+00:00
INSPIRE_DELPHI_2510_180,https://inspirehep.net/files/4d4bae9e5953002c6c7b732c94984954,False,False,not_selected_not_verified_10000_events,False,,,,0,,,2026-06-03T11:19:13+00:00,2026-06-03T11:19:13+00:00
INSPIRE_DELPHI_2510_181,https://inspirehep.net/files/b70898638926a585c3d1be3e69d511f6,False,False,not_selected_not_verified_10000_events,False,,,,0,,,2026-06-03T11:19:13+00:00,2026-06-03T11:19:13+00:00
INSPIRE_DELPHI_2510_182,https://inspirehep.net/files/0668ae7c4c9d8a6d2f1a34c50745a184,False,False,not_selected_not_verified_10000_events,False,,,,0,,,2026-06-03T11:19:13+00:00,2026-06-03T11:19:13+00:00
INSPIRE_DELPHI_2510_183,https://inspirehep.net/files/9322a69d48829e8f393f58c3e10ee700,False,False,not_selected_not_verified_10000_events,False,,,,0,,,2026-06-03T11:19:13+00:00,2026-06-03T11:19:13+00:00
INSPIRE_DELPHI_2510_184,https://inspirehep.net/files/7570e1037064d04e1ebcbb6c3e27cd66,False,False,not_selected_not_verified_10000_events,False,,,,0,,,2026-06-03T11:19:13+00:00,2026-06-03T11:19:13+00:00
INSPIRE_DELPHI_2510_185,https://inspirehep.net/files/c693866309f28e50072bd069ee00bc62,False,False,not_selected_not_verified_10000_events,False,,,,0,,,2026-06-03T11:19:13+00:00,2026-06-03T11:19:13+00:00
INSPIRE_DELPHI_2510_186,https://inspirehep.net/files/7fbdc0dcc78792d6fbb235dd684dfed1,False,False,not_selected_not_verified_10000_events,False,,,,0,,,2026-06-03T11:19:13+00:00,2026-06-03T11:19:13+00:00
INSPIRE_DELPHI_2510_187,https://inspirehep.net/files/73085b346cfc1948c3c21b7dcab32a6e,False,False,not_selected_not_verified_10000_events,False,,,,0,,,2026-06-03T11:19:13+00:00,2026-06-03T11:19:13+00:00
INSPIRE_DELPHI_2510_188,https://inspirehep.net/files/30e6824cbd003f9bf86ee9877e7afa6f,False,False,not_selected_not_verified_10000_events,False,,,,0,,,2026-06-03T11:19:13+00:00,2026-06-03T11:19:13+00:00
INSPIRE_DELPHI_2510_189,https://inspirehep.net/files/d2523c0c40b1eef63432a229d40cb7c7,False,False,not_selected_not_verified_10000_events,False,,,,0,,,2026-06-03T11:19:13+00:00,2026-06-03T11:19:13+00:00
INSPIRE_DELPHI_2510_190,https://inspirehep.net/files/a4b9bf5a4991eb45741f1a7da30bda8e,False,False,not_selected_not_verified_10000_events,False,,,,0,,,2026-06-03T11:19:13+00:00,2026-06-03T11:19:13+00:00
INSPIRE_DELPHI_2510_191,https://inspirehep.net/files/7fa4367e90f693f4005d825f9df5e9f0,False,False,not_selected_not_verified_10000_events,False,,,,0,,,2026-06-03T11:19:13+00:00,2026-06-03T11:19:13+00:00
INSPIRE_DELPHI_2510_192,https://inspirehep.net/files/d5bdc66fcc00467be78407fb70d2e959,False,False,not_selected_not_verified_10000_events,False,,,,0,,,2026-06-03T11:19:13+00:00,2026-06-03T11:19:13+00:00
INSPIRE_DELPHI_2510_193,https://inspirehep.net/files/808168220e065cd7400513ff6b27a344,False,False,not_selected_not_verified_10000_events,False,,,,0,,,2026-06-03T11:19:13+00:00,2026-06-03T11:19:13+00:00
INSPIRE_DELPHI_2510_194,https://inspirehep.net/files/5ee31bdc63b6f876ecb3454d5089795f,False,False,not_selected_not_verified_10000_events,False,,,,0,,,2026-06-03T11:19:13+00:00,2026-06-03T11:19:13+00:00
INSPIRE_DELPHI_2510_195,https://inspirehep.net/files/39390e82f16c022dccb64ebe5ae6b353,False,False,not_selected_not_verified_10000_events,False,,,,0,,,2026-06-03T11:19:13+00:00,2026-06-03T11:19:13+00:00
INSPIRE_DELPHI_2510_196,https://inspirehep.net/files/56dd21ebe4139847394121c28a32678d,False,False,not_selected_not_verified_10000_events,False,,,,0,,,2026-06-03T11:19:13+00:00,2026-06-03T11:19:13+00:00
INSPIRE_DELPHI_2510_197,https://inspirehep.net/files/8fa627e5d85dc579ddd0ecef43abb713,False,False,not_selected_not_verified_10000_events,False,,,,0,,,2026-06-03T11:19:13+00:00,2026-06-03T11:19:13+00:00
INSPIRE_DELPHI_2510_198,https://inspirehep.net/files/5d370ce19befb6ca3ec4a9ab95e221e4,False,False,not_selected_not_verified_10000_events,False,,,,0,,,2026-06-03T11:19:13+00:00,2026-06-03T11:19:13+00:00
INSPIRE_DELPHI_2510_199,https://inspirehep.net/files/c4e2b583c232716a7d4b53b885cbb1cc,False,False,not_selected_not_verified_10000_events,False,,,,0,,,2026-06-03T11:19:13+00:00,2026-06-03T11:19:13+00:00
INSPIRE_DELPHI_2510_200,https://inspirehep.net/files/ba524ffe153b9683233c9a1c08fb8b00,False,False,not_selected_not_verified_10000_events,False,,,,0,,,2026-06-03T11:19:13+00:00,2026-06-03T11:19:13+00:00
INSPIRE_DELPHI_2510_201,https://inspirehep.net/files/000a8d0b0eec7fc8f22a51f18a118d5f,False,False,not_selected_not_verified_10000_events,False,,,,0,,,2026-06-03T11:19:13+00:00,2026-06-03T11:19:13+00:00
INSPIRE_DELPHI_2510_202,https://inspirehep.net/files/e0c24eaf9fa3aac1fc991bde39ad2b72,False,False,not_selected_not_verified_10000_events,False,,,,0,,,2026-06-03T11:19:13+00:00,2026-06-03T11:19:13+00:00
INSPIRE_DELPHI_2510_203,https://inspirehep.net/files/92e988504d30709efd13840cccf54d74,False,False,not_selected_not_verified_10000_events,False,,,,0,,,2026-06-03T11:19:13+00:00,2026-06-03T11:19:13+00:00
INSPIRE_DELPHI_2510_204,https://inspirehep.net/files/02403aa049342a3c0248d3a2dd0cf5c9,False,False,not_selected_not_verified_10000_events,False,,,,0,,,2026-06-03T11:19:13+00:00,2026-06-03T11:19:13+00:00
INSPIRE_DELPHI_2510_205,https://inspirehep.net/files/a7747d025e4d84a83123e85dea2fe205,False,False,not_selected_not_verified_10000_events,False,,,,0,,,2026-06-03T11:19:13+00:00,2026-06-03T11:19:13+00:00
INSPIRE_DELPHI_2510_206,https://inspirehep.net/files/c408cfbea08623114974073d4ee29aaf,False,False,not_selected_not_verified_10000_events,False,,,,0,,,2026-06-03T11:19:13+00:00,2026-06-03T11:19:13+00:00
INSPIRE_DELPHI_2510_207,https://inspirehep.net/files/35c553bf34d3dbe1221847c7d20ad45f,False,False,not_selected_not_verified_10000_events,False,,,,0,,,2026-06-03T11:19:13+00:00,2026-06-03T11:19:13+00:00
INSPIRE_DELPHI_2510_208,https://inspirehep.net/files/df83f488d1d6cd90cb5beebd7698c70e,False,False,not_selected_not_verified_10000_events,False,,,,0,,,2026-06-03T11:19:13+00:00,2026-06-03T11:19:13+00:00
INSPIRE_DELPHI_2510_209,https://inspirehep.net/files/385a56213610bf18609c7a857d8784d4,False,False,not_selected_not_verified_10000_events,False,,,,0,,,2026-06-03T11:19:13+00:00,2026-06-03T11:19:13+00:00
INSPIRE_DELPHI_2510_210,https://inspirehep.net/files/06a3ad61d8364198e5d20db2983d0cf3,False,False,not_selected_not_verified_10000_events,False,,,,0,,,2026-06-03T11:19:13+00:00,2026-06-03T11:19:13+00:00
INSPIRE_DELPHI_2510_211,https://inspirehep.net/files/64439a438897a74812b1c9b22f60ba80,False,False,not_selected_not_verified_10000_events,False,,,,0,,,2026-06-03T11:19:13+00:00,2026-06-03T11:19:13+00:00
INSPIRE_DELPHI_2510_212,https://inspirehep.net/files/c8b5ee0346e468e6d85a767b15e1009a,False,False,not_selected_not_verified_10000_events,False,,,,0,,,2026-06-03T11:19:13+00:00,2026-06-03T11:19:13+00:00
INSPIRE_DELPHI_2510_213,https://inspirehep.net/files/c24e3fd3f247dedeec14e0f47c9308b4,False,False,not_selected_not_verified_10000_events,False,,,,0,,,2026-06-03T11:19:13+00:00,2026-06-03T11:19:13+00:00
INSPIRE_DELPHI_2510_214,https://inspirehep.net/files/df52ba0a39267b939b8282691969f1a7,False,False,not_selected_not_verified_10000_events,False,,,,0,,,2026-06-03T11:19:13+00:00,2026-06-03T11:19:13+00:00
INSPIRE_DELPHI_2510_215,https://inspirehep.net/files/f9fa02c4021aaba23e1b180f91d9b6da,False,False,not_selected_not_verified_10000_events,False,,,,0,,,2026-06-03T11:19:13+00:00,2026-06-03T11:19:13+00:00
INSPIRE_DELPHI_2510_216,https://inspirehep.net/files/7b6229a9a497d84aff624382206f353a,False,False,not_selected_not_verified_10000_events,False,,,,0,,,2026-06-03T11:19:13+00:00,2026-06-03T11:19:13+00:00
INSPIRE_DELPHI_2510_217,https://inspirehep.net/files/f2972e6cd0358a42d9ca393bdffa3a65,False,False,not_selected_not_verified_10000_events,False,,,,0,,,2026-06-03T11:19:13+00:00,2026-06-03T11:19:13+00:00
INSPIRE_DELPHI_2510_218,https://inspirehep.net/files/8177a249a72ab0a5c27ace70d81c4cc5,False,False,not_selected_not_verified_10000_events,False,,,,0,,,2026-06-03T11:19:13+00:00,2026-06-03T11:19:13+00:00
INSPIRE_DELPHI_2510_219,https://inspirehep.net/files/db6eafc7d40ddc77f0382be2a7161120,False,False,not_selected_not_verified_10000_events,False,,,,0,,,2026-06-03T11:19:13+00:00,2026-06-03T11:19:13+00:00
INSPIRE_DELPHI_2510_220,https://inspirehep.net/files/723fff14ba961f0a109911122f3ea616,False,False,not_selected_not_verified_10000_events,False,,,,0,,,2026-06-03T11:19:13+00:00,2026-06-03T11:19:13+00:00
INSPIRE_DELPHI_2510_221,https://inspirehep.net/files/1e4e676bc409d0a376a5d5444b563798,False,False,not_selected_not_verified_10000_events,False,,,,0,,,2026-06-03T11:19:13+00:00,2026-06-03T11:19:13+00:00
INSPIRE_DELPHI_2510_222,https://inspirehep.net/files/7975ba7157f6acb3ae0aa6112bf53a7e,False,False,not_selected_not_verified_10000_events,False,,,,0,,,2026-06-03T11:19:13+00:00,2026-06-03T11:19:13+00:00
INSPIRE_DELPHI_2510_223,https://inspirehep.net/files/cfd2b37e7c79b31cd4229027ff18fafe,False,False,not_selected_not_verified_10000_events,False,,,,0,,,2026-06-03T11:19:13+00:00,2026-06-03T11:19:13+00:00
INSPIRE_DELPHI_2510_224,https://inspirehep.net/files/09be8c7e2a91fea63a39dd63011d01a8,False,False,not_selected_not_verified_10000_events,False,,,,0,,,2026-06-03T11:19:13+00:00,2026-06-03T11:19:13+00:00
INSPIRE_DELPHI_2510_225,https://inspirehep.net/files/d5c9bfe2b60700735fbc9c525030d757,False,False,not_selected_not_verified_10000_events,False,,,,0,,,2026-06-03T11:19:13+00:00,2026-06-03T11:19:13+00:00
INSPIRE_DELPHI_2510_226,https://inspirehep.net/files/9a9a6f249109fbcfc5bf3d2a8155e5af,False,False,not_selected_not_verified_10000_events,False,,,,0,,,2026-06-03T11:19:13+00:00,2026-06-03T11:19:13+00:00
INSPIRE_DELPHI_2510_227,https://inspirehep.net/files/07a2c4dc114d429fea89f51e93834ace,False,False,not_selected_not_verified_10000_events,False,,,,0,,,2026-06-03T11:19:13+00:00,2026-06-03T11:19:13+00:00
ZENODO_DELPHI_2510_067,https://zenodo.org/api/records/5075944/files/Round%202_%20Recommendations%20Scoring%20.docx/content,False,False,not_selected_not_verified_10000_events,False,,,,0,,,2026-06-03T11:19:13+00:00,2026-06-03T11:19:13+00:00
ZENODO_DELPHI_2510_068,https://zenodo.org/api/records/5075944/files/OriginalRound1_2.9..2021.docx/content,False,False,not_selected_not_verified_10000_events,False,,,,0,,,2026-06-03T11:19:13+00:00,2026-06-03T11:19:13+00:00
ZENODO_DELPHI_2510_109,https://zenodo.org/api/records/17876108/files/code%20book_Delphi.pdf/content,False,False,not_selected_not_verified_10000_events,False,,,,0,,,2026-06-03T11:19:13+00:00,2026-06-03T11:19:13+00:00
ZENODO_DELPHI_2510_110,https://zenodo.org/api/records/17876108/files/DELPHI_DATA_2024-01-15_1153_anonimizada.csv/content,False,False,not_selected_not_verified_10000_events,False,,,,0,,,2026-06-03T11:19:13+00:00,2026-06-03T11:19:13+00:00
ZENODO_DELPHI_2510_111,https://zenodo.org/api/records/17876108/files/DELPHIFASEII_%20Datos%20separados.xlsx/content,False,False,not_selected_not_verified_10000_events,False,,,,0,,,2026-06-03T11:19:13+00:00,2026-06-03T11:19:13+00:00
ZENODO_DELPHI_2510_112,https://zenodo.org/api/records/17876108/files/code%20book%20questionnaire%202.pdf/content,False,False,not_selected_not_verified_10000_events,False,,,,0,,,2026-06-03T11:19:13+00:00,2026-06-03T11:19:13+00:00
ZENODO_DELPHI_2510_113,https://zenodo.org/api/records/17876108/files/PRUEBAROCIO_DATA_2024-02-02_1649_cuestionario%202.csv/content,False,False,not_selected_not_verified_10000_events,False,,,,0,,,2026-06-03T11:19:13+00:00,2026-06-03T11:19:13+00:00
ZENODO_DELPHI_2510_145,https://zenodo.org/api/records/5013730/files/generated_6210827.doc/content,False,False,not_selected_not_verified_10000_events,False,,,,0,,,2026-06-03T11:19:13+00:00,2026-06-03T11:19:13+00:00
ZENODO_DELPHI_2510_185,https://zenodo.org/api/records/17772738/files/13_LTS-CB_Specification_1996.pdf/content,False,False,not_selected_not_verified_10000_events,False,,,,0,,,2026-06-03T11:19:13+00:00,2026-06-03T11:19:13+00:00
ZENODO_DELPHI_2510_225,https://zenodo.org/api/records/3972693/files/D4.3%20DELPHI%20Workshops%20Complete%20%E2%80%93%20Last%20City.pdf/content,False,False,not_selected_not_verified_10000_events,False,,,,0,,,2026-06-03T11:19:13+00:00,2026-06-03T11:19:13+00:00
ZENODO_DELPHI_2510_259,https://zenodo.org/api/records/7759827/files/BD_NbS-CoBAs-Tool_Validation-Delphi-2nd-Step.xlsx/content,False,False,not_selected_not_verified_10000_events,False,,,,0,,,2026-06-03T11:19:13+00:00,2026-06-03T11:19:13+00:00
ZENODO_DELPHI_2510_260,https://zenodo.org/api/records/7759827/files/BD_NbS-CoBAs-Tool_Validation-Delphi-1st-Step.xlsx/content,False,False,not_selected_not_verified_10000_events,False,,,,0,,,2026-06-03T11:19:13+00:00,2026-06-03T11:19:13+00:00
ZENODO_DELPHI_2510_295,https://zenodo.org/api/records/3696182/files/delphi-hub/delphi-webapp-v1.0.zip/content,False,False,not_selected_not_verified_10000_events,False,,,,0,,,2026-06-03T11:19:13+00:00,2026-06-03T11:19:13+00:00
ZENODO_DELPHI_2510_335,https://zenodo.org/api/records/46158/files/DPHEP-status_report.pdf/content,False,False,not_selected_not_verified_10000_events,False,,,,0,,,2026-06-03T11:19:13+00:00,2026-06-03T11:19:13+00:00
ZENODO_DELPHI_2510_336,https://zenodo.org/api/records/46158/files/DPHEP-status_report.docx/content,False,False,not_selected_not_verified_10000_events,False,,,,0,,,2026-06-03T11:19:13+00:00,2026-06-03T11:19:13+00:00
ZENODO_DELPHI_2510_371,https://zenodo.org/api/records/3610701/files/delphi-hub/delphi-webapi-v0.9.5.1.zip/content,False,False,not_selected_not_verified_10000_events,False,,,,0,,,2026-06-03T11:19:13+00:00,2026-06-03T11:19:13+00:00
ZENODO_DELPHI_2510_409,https://zenodo.org/api/records/1688410/files/article.pdf/content,False,False,not_selected_not_verified_10000_events,False,,,,0,,,2026-06-03T11:19:13+00:00,2026-06-03T11:19:13+00:00
ZENODO_DELPHI_2510_443,https://zenodo.org/api/records/10692155/files/Copy%20of%20Delphi%20survey%20data.xlsx/content,False,False,not_selected_not_verified_10000_events,False,,,,0,,,2026-06-03T11:19:13+00:00,2026-06-03T11:19:13+00:00
ZENODO_DELPHI_2510_516,https://zenodo.org/api/records/12572310/files/Delphi.pdf/content,False,False,not_selected_not_verified_10000_events,False,,,,0,,,2026-06-03T11:19:13+00:00,2026-06-03T11:19:13+00:00
ZENODO_DELPHI_2510_550,https://zenodo.org/api/records/5111434/files/Paper%203%20Scenarios.xlsx/content,False,False,not_selected_not_verified_10000_events,False,,,,0,,,2026-06-03T11:19:13+00:00,2026-06-03T11:19:13+00:00
ZENODO_DELPHI_2510_551,https://zenodo.org/api/records/5111434/files/Annexure%20Additional%20Information%20about%20the%20Expert%20Panel.docx/content,False,False,not_selected_not_verified_10000_events,False,,,,0,,,2026-06-03T11:19:13+00:00,2026-06-03T11:19:13+00:00
ZENODO_DELPHI_2510_591,https://zenodo.org/api/records/3972905/files/D4.7%20Role%20of%20Delphi%20FINAL.pdf/content,False,False,not_selected_not_verified_10000_events,False,,,,0,,,2026-06-03T11:19:13+00:00,2026-06-03T11:19:13+00:00
ZENODO_DELPHI_2510_627,https://zenodo.org/api/records/8402507/files/How_to_Identify_and_Interpret_Weak_Signals_of_Change_in_the_Forest_Bioeconomy_2023_(Real-Time_Delphi_data,False,False,not_selected_not_verified_10000_events,False,,,,0,,,2026-06-03T11:19:13+00:00,2026-06-03T11:19:13+00:00
ZENODO_DELPHI_2510_665,https://zenodo.org/api/records/4399143/files/Journal_50_10.22163-fteval.2020.469.pdf/content,False,False,not_selected_not_verified_10000_events,False,,,,0,,,2026-06-03T11:19:13+00:00,2026-06-03T11:19:13+00:00
ZENODO_DELPHI_2510_704,https://zenodo.org/api/records/4338856/files/Schmalz%20et%20al.%20(2021,False,False,not_selected_not_verified_10000_events,False,,,,0,,,2026-06-03T11:19:13+00:00,2026-06-03T11:19:13+00:00
ZENODO_DELPHI_2510_744,https://zenodo.org/api/records/7475821/files/Tafakkur%20Manzili-2023-YANVAR-1-qism-93-99.pdf/content,False,False,not_selected_not_verified_10000_events,False,,,,0,,,2026-06-03T11:19:13+00:00,2026-06-03T11:19:13+00:00
ZENODO_DELPHI_2510_784,https://zenodo.org/api/records/19318673/files/RE4GREEN-Delphi%20-%20Feedback%20Round%202_V2.pdf/content,False,False,not_selected_not_verified_10000_events,False,,,,0,,,2026-06-03T11:19:13+00:00,2026-06-03T11:19:13+00:00
ZENODO_DELPHI_2510_818,https://zenodo.org/api/records/4048746/files/QuestionnaireRawData.xlsx/content,False,False,not_selected_not_verified_10000_events,False,,,,0,,,2026-06-03T11:19:13+00:00,2026-06-03T11:19:13+00:00
ZENODO_DELPHI_2510_860,https://zenodo.org/api/records/10807834/files/D3.1%20Initial%20Delphi%20Questionnaire.pdf/content,False,False,not_selected_not_verified_10000_events,False,,,,0,,,2026-06-03T11:19:13+00:00,2026-06-03T11:19:13+00:00
ZENODO_DELPHI_2510_900,https://zenodo.org/api/records/3716976/files/Delphi__td-net_toolbox_profile.pdf/content,False,False,not_selected_not_verified_10000_events,False,,,,0,,,2026-06-03T11:19:13+00:00,2026-06-03T11:19:13+00:00
ZENODO_DELPHI_2510_940,https://zenodo.org/api/records/11500201/files/EUMEPLAT-Delphi-workshops_Manual.pdf/content,False,False,not_selected_not_verified_10000_events,False,,,,0,,,2026-06-03T11:19:13+00:00,2026-06-03T11:19:13+00:00
ZENODO_DELPHI_OPEN_DATA_035,https://zenodo.org/api/records/6946785/files/collection-v1.65.zip/content,False,False,not_selected_not_verified_10000_events,False,,,,0,,,2026-06-03T11:19:13+00:00,2026-06-03T11:19:13+00:00
ZENODO_DELPHI_OPEN_DATA_070,https://zenodo.org/api/records/13132497/files/collection-v2024-07-30.zip/content,False,False,not_selected_not_verified_10000_events,False,,,,0,,,2026-06-03T11:19:13+00:00,2026-06-03T11:19:13+00:00
ZENODO_DELPHI_OPEN_DATA_105,https://zenodo.org/api/records/18845839/files/collection-v2026-03-03.zip/content,False,False,not_selected_not_verified_10000_events,False,,,,0,,,2026-06-03T11:19:13+00:00,2026-06-03T11:19:13+00:00
ZENODO_DELPHI_OPEN_DATA_140,https://zenodo.org/api/records/18093155/files/collection-v2025-12-30.zip/content,False,False,not_selected_not_verified_10000_events,False,,,,0,,,2026-06-03T11:19:13+00:00,2026-06-03T11:19:13+00:00
ZENODO_DELPHI_OPEN_DATA_175,https://zenodo.org/api/records/10874859/files/collection-v2024-03-26.zip/content,False,False,not_selected_not_verified_10000_events,False,,,,0,,,2026-06-03T11:19:13+00:00,2026-06-03T11:19:13+00:00
ZENODO_DELPHI_OPEN_DATA_210,https://zenodo.org/api/records/18310106/files/collection-v2026-01-20.zip/content,False,False,not_selected_not_verified_10000_events,False,,,,0,,,2026-06-03T11:19:13+00:00,2026-06-03T11:19:13+00:00
ZENODO_DELPHI_OPEN_DATA_245,https://zenodo.org/api/records/13771402/files/collection-v2024-09-17.zip/content,False,False,not_selected_not_verified_10000_events,False,,,,0,,,2026-06-03T11:19:13+00:00,2026-06-03T11:19:13+00:00
ZENODO_DELPHI_OPEN_DATA_280,https://zenodo.org/api/records/11045555/files/collection-v2024-04-23.zip/content,False,False,not_selected_not_verified_10000_events,False,,,,0,,,2026-06-03T11:19:13+00:00,2026-06-03T11:19:13+00:00
ZENODO_DELPHI_OPEN_DATA_315,https://zenodo.org/api/records/15780872/files/collection-v2025-07-01.zip/content,False,False,not_selected_not_verified_10000_events,False,,,,0,,,2026-06-03T11:19:13+00:00,2026-06-03T11:19:13+00:00
ZENODO_DELPHI_OPEN_DATA_350,https://zenodo.org/api/records/3357242/files/collection-v1.45.zip/content,False,False,not_selected_not_verified_10000_events,False,,,,0,,,2026-06-03T11:19:13+00:00,2026-06-03T11:19:13+00:00
ZENODO_DELPHI_OPEN_DATA_385,https://zenodo.org/api/records/12071150/files/collection-v2024-06-18.zip/content,False,False,not_selected_not_verified_10000_events,False,,,,0,,,2026-06-03T11:19:13+00:00,2026-06-03T11:19:13+00:00
ZENODO_DELPHI_OPEN_DATA_420,https://zenodo.org/api/records/14964780/files/collection-v2025-03-04.zip/content,False,False,not_selected_not_verified_10000_events,False,,,,0,,,2026-06-03T11:19:13+00:00,2026-06-03T11:19:13+00:00
ZENODO_DELPHI_OPEN_DATA_454,https://zenodo.org/api/records/51284/files/collection-1.5.zip/content,False,False,not_selected_not_verified_10000_events,False,,,,0,,,2026-06-03T11:19:13+00:00,2026-06-03T11:19:13+00:00
ZENODO_DELPHI_OPEN_DATA_489,https://zenodo.org/api/records/17863921/files/collection-v2025-12-09.zip/content,False,False,not_selected_not_verified_10000_events,False,,,,0,,,2026-06-03T11:19:13+00:00,2026-06-03T11:19:13+00:00
ZENODO_DELPHI_OPEN_DATA_524,https://zenodo.org/api/records/13234646/files/collection-v2024-08-06.zip/content,False,False,not_selected_not_verified_10000_events,False,,,,0,,,2026-06-03T11:19:13+00:00,2026-06-03T11:19:13+00:00
ZENODO_DELPHI_OPEN_DATA_559,https://zenodo.org/api/records/1238212/files/collection-v1.31.zip/content,False,False,not_selected_not_verified_10000_events,False,,,,0,,,2026-06-03T11:19:13+00:00,2026-06-03T11:19:13+00:00
ZENODO_DELPHI_OPEN_DATA_594,https://zenodo.org/api/records/14580889/files/collection-v2024-12-31.zip/content,False,False,not_selected_not_verified_10000_events,False,,,,0,,,2026-06-03T11:19:13+00:00,2026-06-03T11:19:13+00:00
ZENODO_DELPHI_OPEN_DATA_629,https://zenodo.org/api/records/17404420/files/collection-v2025-10-21.zip/content,False,False,not_selected_not_verified_10000_events,False,,,,0,,,2026-06-03T11:19:13+00:00,2026-06-03T11:19:13+00:00
ZENODO_DELPHI_OPEN_DATA_664,https://zenodo.org/api/records/7131569/files/collection-v1.67.zip/content,False,False,not_selected_not_verified_10000_events,False,,,,0,,,2026-06-03T11:19:13+00:00,2026-06-03T11:19:13+00:00
ZENODO_DELPHI_OPEN_DATA_699,https://zenodo.org/api/records/20133736/files/collection-v2026-05-12.zip/content,False,False,not_selected_not_verified_10000_events,False,,,,0,,,2026-06-03T11:19:13+00:00,2026-06-03T11:19:13+00:00
ZENODO_DELPHI_OPEN_DATA_734,https://zenodo.org/api/records/17637985/files/collection-v2025-11-18.zip/content,False,False,not_selected_not_verified_10000_events,False,,,,0,,,2026-06-03T11:19:13+00:00,2026-06-03T11:19:13+00:00
ZENODO_DELPHI_OPEN_DATA_769,https://zenodo.org/api/records/14220620/files/collection-v2024-11-26.zip/content,False,False,not_selected_not_verified_10000_events,False,,,,0,,,2026-06-03T11:19:13+00:00,2026-06-03T11:19:13+00:00
ZENODO_DELPHI_OPEN_DATA_804,https://zenodo.org/api/records/10807564/files/collection-v2024-03-12.zip/content,False,False,not_selected_not_verified_10000_events,False,,,,0,,,2026-06-03T11:19:13+00:00,2026-06-03T11:19:13+00:00
ZENODO_DELPHI_OPEN_DATA_839,https://zenodo.org/api/records/17708228/files/collection-v2025-11-25.zip/content,False,False,not_selected_not_verified_10000_events,False,,,,0,,,2026-06-03T11:19:13+00:00,2026-06-03T11:19:13+00:00
ZENODO_DELPHI_OPEN_DATA_874,https://zenodo.org/api/records/13347455/files/collection-v2024-08-20.zip/content,False,False,not_selected_not_verified_10000_events,False,,,,0,,,2026-06-03T11:19:13+00:00,2026-06-03T11:19:13+00:00
