source_file,constant_key,quantity,value_raw,value_numeric,uncertainty_raw,uncertainty_numeric,unit_raw,selected_for_strong_pipeline,cleaning_note,cleaned_utc
nist_codata_2022_allascii_raw_benchmark_001.txt,,,2022 CODATA adjustment,,,,,False,NIST CODATA 2022 allascii parsed by two-or-more-space separation.,2026-06-02T17:49:57+00:00
nist_codata_2022_allascii_raw_benchmark_001.txt,alpha_particle_electron_mass_ratio,alpha particle-electron mass ratio,7294.299 541 71,7294.29954171,0.000 000 17,1.7e-07,,False,NIST CODATA 2022 allascii parsed by two-or-more-space separation.,2026-06-02T17:49:57+00:00
nist_codata_2022_allascii_raw_benchmark_001.txt,alpha_particle_mass,alpha particle mass,6.644 657 3450 e-27,6.644657345e-27,0.000 000 0021 e-27,2.1e-36,kg,False,NIST CODATA 2022 allascii parsed by two-or-more-space separation.,2026-06-02T17:49:57+00:00
nist_codata_2022_allascii_raw_benchmark_001.txt,alpha_particle_mass_energy_equivalent,alpha particle mass energy equivalent,5.971 920 1997 e-10,5.9719201997e-10,0.000 000 0019 e-10,1.9e-19,J,False,NIST CODATA 2022 allascii parsed by two-or-more-space separation.,2026-06-02T17:49:57+00:00
nist_codata_2022_allascii_raw_benchmark_001.txt,alpha_particle_mass_energy_equivalent_in_mev,alpha particle mass energy equivalent in MeV,3727.379 4118,3727.3794118,0.000 0012,1.2e-06,MeV,False,NIST CODATA 2022 allascii parsed by two-or-more-space separation.,2026-06-02T17:49:57+00:00
nist_codata_2022_allascii_raw_benchmark_001.txt,alpha_particle_mass_in_u,alpha particle mass in u,4.001 506 179 129,4.001506179129,0.000 000 000 062,6.2e-11,u,False,NIST CODATA 2022 allascii parsed by two-or-more-space separation.,2026-06-02T17:49:57+00:00
nist_codata_2022_allascii_raw_benchmark_001.txt,alpha_particle_molar_mass,alpha particle molar mass,4.001 506 1833 e-3,0.0040015061833,0.000 000 0012 e-3,1.2e-12,kg mol^-1,False,NIST CODATA 2022 allascii parsed by two-or-more-space separation.,2026-06-02T17:49:57+00:00
nist_codata_2022_allascii_raw_benchmark_001.txt,alpha_particle_proton_mass_ratio,alpha particle-proton mass ratio,3.972 599 690 252,3.972599690252,0.000 000 000 070,7e-11,,False,NIST CODATA 2022 allascii parsed by two-or-more-space separation.,2026-06-02T17:49:57+00:00
nist_codata_2022_allascii_raw_benchmark_001.txt,alpha_particle_relative_atomic_mass,alpha particle relative atomic mass,4.001 506 179 129,4.001506179129,0.000 000 000 062,6.2e-11,,False,NIST CODATA 2022 allascii parsed by two-or-more-space separation.,2026-06-02T17:49:57+00:00
nist_codata_2022_allascii_raw_benchmark_001.txt,alpha_particle_rms_charge_radius,alpha particle rms charge radius,1.6785 e-15,1.6785e-15,0.0021 e-15,2.1e-18,m,False,NIST CODATA 2022 allascii parsed by two-or-more-space separation.,2026-06-02T17:49:57+00:00
nist_codata_2022_allascii_raw_benchmark_001.txt,angstrom_star,Angstrom star,1.000 014 95 e-10,1.00001495e-10,0.000 000 90 e-10,9e-17,m,False,NIST CODATA 2022 allascii parsed by two-or-more-space separation.,2026-06-02T17:49:57+00:00
nist_codata_2022_allascii_raw_benchmark_001.txt,atomic_mass_constant,atomic mass constant,1.660 539 068 92 e-27,1.66053906892e-27,0.000 000 000 52 e-27,5.2e-37,kg,False,NIST CODATA 2022 allascii parsed by two-or-more-space separation.,2026-06-02T17:49:57+00:00
nist_codata_2022_allascii_raw_benchmark_001.txt,atomic_mass_constant_energy_equivalent,atomic mass constant energy equivalent,1.492 418 087 68 e-10,1.49241808768e-10,0.000 000 000 46 e-10,4.6e-20,J,False,NIST CODATA 2022 allascii parsed by two-or-more-space separation.,2026-06-02T17:49:57+00:00
nist_codata_2022_allascii_raw_benchmark_001.txt,atomic_mass_constant_energy_equivalent_MeV,atomic mass constant energy equivalent in MeV,931.494 103 72,931.49410372,0.000 000 29,2.9e-07,MeV,True,NIST CODATA 2022 allascii parsed by two-or-more-space separation.,2026-06-02T17:49:57+00:00
nist_codata_2022_allascii_raw_benchmark_001.txt,atomic_mass_unit_electron_volt_relationship,atomic mass unit-electron volt relationship,9.314 941 0372 e8,931494103.72,0.000 000 0029 e8,0.29,eV,False,NIST CODATA 2022 allascii parsed by two-or-more-space separation.,2026-06-02T17:49:57+00:00
nist_codata_2022_allascii_raw_benchmark_001.txt,atomic_mass_unit_hartree_relationship,atomic mass unit-hartree relationship,3.423 177 6922 e7,34231776.922,0.000 000 0011 e7,0.011,E_h,False,NIST CODATA 2022 allascii parsed by two-or-more-space separation.,2026-06-02T17:49:57+00:00
nist_codata_2022_allascii_raw_benchmark_001.txt,atomic_mass_unit_hertz_relationship,atomic mass unit-hertz relationship,2.252 342 721 85 e23,2.25234272185e+23,0.000 000 000 70 e23,70000000000000.0,Hz,False,NIST CODATA 2022 allascii parsed by two-or-more-space separation.,2026-06-02T17:49:57+00:00
nist_codata_2022_allascii_raw_benchmark_001.txt,atomic_mass_unit_inverse_meter_relationship,atomic mass unit-inverse meter relationship,7.513 006 6209 e14,751300662090000.0,0.000 000 0023 e14,230000.0,m^-1,False,NIST CODATA 2022 allascii parsed by two-or-more-space separation.,2026-06-02T17:49:57+00:00
nist_codata_2022_allascii_raw_benchmark_001.txt,atomic_mass_unit_joule_relationship,atomic mass unit-joule relationship,1.492 418 087 68 e-10,1.49241808768e-10,0.000 000 000 46 e-10,4.6e-20,J,False,NIST CODATA 2022 allascii parsed by two-or-more-space separation.,2026-06-02T17:49:57+00:00
nist_codata_2022_allascii_raw_benchmark_001.txt,atomic_mass_unit_kelvin_relationship,atomic mass unit-kelvin relationship,1.080 954 020 67 e13,10809540206700.0,0.000 000 000 34 e13,3400.0,K,False,NIST CODATA 2022 allascii parsed by two-or-more-space separation.,2026-06-02T17:49:57+00:00
nist_codata_2022_allascii_raw_benchmark_001.txt,atomic_mass_unit_kilogram_relationship,atomic mass unit-kilogram relationship,1.660 539 068 92 e-27,1.66053906892e-27,0.000 000 000 52 e-27,5.2e-37,kg,False,NIST CODATA 2022 allascii parsed by two-or-more-space separation.,2026-06-02T17:49:57+00:00
nist_codata_2022_allascii_raw_benchmark_001.txt,atomic_unit_of_1st_hyperpolarizability,atomic unit of 1st hyperpolarizability,3.206 361 2996 e-53,3.2063612996e-53,0.000 000 0015 e-53,1.5e-62,C^3 m^3 J^-2,False,NIST CODATA 2022 allascii parsed by two-or-more-space separation.,2026-06-02T17:49:57+00:00
nist_codata_2022_allascii_raw_benchmark_001.txt,atomic_unit_of_2nd_hyperpolarizability,atomic unit of 2nd hyperpolarizability,6.235 379 9735 e-65,6.2353799735e-65,0.000 000 0039 e-65,3.9e-74,C^4 m^4 J^-3,False,NIST CODATA 2022 allascii parsed by two-or-more-space separation.,2026-06-02T17:49:57+00:00
nist_codata_2022_allascii_raw_benchmark_001.txt,atomic_unit_of_action,atomic unit of action,1.054 571 817... e-34,1.054571817e-34,(exact),,J s,False,NIST CODATA 2022 allascii parsed by two-or-more-space separation.,2026-06-02T17:49:57+00:00
nist_codata_2022_allascii_raw_benchmark_001.txt,atomic_unit_of_charge,atomic unit of charge,1.602 176 634 e-19,1.602176634e-19,(exact),,C,False,NIST CODATA 2022 allascii parsed by two-or-more-space separation.,2026-06-02T17:49:57+00:00
nist_codata_2022_allascii_raw_benchmark_001.txt,atomic_unit_of_charge_density,atomic unit of charge density,1.081 202 386 77 e12,1081202386770.0,0.000 000 000 51 e12,510.0,C m^-3,False,NIST CODATA 2022 allascii parsed by two-or-more-space separation.,2026-06-02T17:49:57+00:00
nist_codata_2022_allascii_raw_benchmark_001.txt,atomic_unit_of_current,atomic unit of current,6.623 618 237 5082 e-3,0.0066236182375082,0.000 000 000 0072 e-3,7.2e-15,A,False,NIST CODATA 2022 allascii parsed by two-or-more-space separation.,2026-06-02T17:49:57+00:00
nist_codata_2022_allascii_raw_benchmark_001.txt,atomic_unit_of_electric_dipole_mom,atomic unit of electric dipole mom.,8.478 353 6198 e-30,8.4783536198e-30,0.000 000 0013 e-30,1.3e-39,C m,False,NIST CODATA 2022 allascii parsed by two-or-more-space separation.,2026-06-02T17:49:57+00:00
nist_codata_2022_allascii_raw_benchmark_001.txt,atomic_unit_of_electric_field,atomic unit of electric field,5.142 206 751 12 e11,514220675112.0,0.000 000 000 80 e11,80.0,V m^-1,False,NIST CODATA 2022 allascii parsed by two-or-more-space separation.,2026-06-02T17:49:57+00:00
nist_codata_2022_allascii_raw_benchmark_001.txt,atomic_unit_of_electric_field_gradient,atomic unit of electric field gradient,9.717 362 4424 e21,9.7173624424e+21,0.000 000 0030 e21,3000000000000.0,V m^-2,False,NIST CODATA 2022 allascii parsed by two-or-more-space separation.,2026-06-02T17:49:57+00:00
nist_codata_2022_allascii_raw_benchmark_001.txt,atomic_unit_of_electric_polarizability,atomic unit of electric polarizability,1.648 777 272 12 e-41,1.64877727212e-41,0.000 000 000 51 e-41,5.1e-51,C^2 m^2 J^-1,False,NIST CODATA 2022 allascii parsed by two-or-more-space separation.,2026-06-02T17:49:57+00:00
nist_codata_2022_allascii_raw_benchmark_001.txt,atomic_unit_of_electric_potential,atomic unit of electric potential,27.211 386 245 981,27.211386245981,0.000 000 000 030,3e-11,V,False,NIST CODATA 2022 allascii parsed by two-or-more-space separation.,2026-06-02T17:49:57+00:00
nist_codata_2022_allascii_raw_benchmark_001.txt,atomic_unit_of_electric_quadrupole_mom,atomic unit of electric quadrupole mom.,4.486 551 5185 e-40,4.4865515185e-40,0.000 000 0014 e-40,1.4e-49,C m^2,False,NIST CODATA 2022 allascii parsed by two-or-more-space separation.,2026-06-02T17:49:57+00:00
nist_codata_2022_allascii_raw_benchmark_001.txt,atomic_unit_of_energy,atomic unit of energy,4.359 744 722 2060 e-18,4.359744722206e-18,0.000 000 000 0048 e-18,4.8e-30,J,False,NIST CODATA 2022 allascii parsed by two-or-more-space separation.,2026-06-02T17:49:57+00:00
nist_codata_2022_allascii_raw_benchmark_001.txt,atomic_unit_of_force,atomic unit of force,8.238 723 5038 e-8,8.2387235038e-08,0.000 000 0013 e-8,1.3e-17,N,False,NIST CODATA 2022 allascii parsed by two-or-more-space separation.,2026-06-02T17:49:57+00:00
nist_codata_2022_allascii_raw_benchmark_001.txt,atomic_unit_of_length,atomic unit of length,5.291 772 105 44 e-11,5.29177210544e-11,0.000 000 000 82 e-11,8.2e-21,m,False,NIST CODATA 2022 allascii parsed by two-or-more-space separation.,2026-06-02T17:49:57+00:00
nist_codata_2022_allascii_raw_benchmark_001.txt,atomic_unit_of_mag_dipole_mom,atomic unit of mag. dipole mom.,1.854 802 013 15 e-23,1.85480201315e-23,0.000 000 000 58 e-23,5.8e-33,J T^-1,False,NIST CODATA 2022 allascii parsed by two-or-more-space separation.,2026-06-02T17:49:57+00:00
nist_codata_2022_allascii_raw_benchmark_001.txt,atomic_unit_of_mag_flux_density,atomic unit of mag. flux density,2.350 517 570 77 e5,235051.757077,0.000 000 000 73 e5,7.3e-05,T,False,NIST CODATA 2022 allascii parsed by two-or-more-space separation.,2026-06-02T17:49:57+00:00
nist_codata_2022_allascii_raw_benchmark_001.txt,atomic_unit_of_magnetizability,atomic unit of magnetizability,7.891 036 5794 e-29,7.8910365794e-29,0.000 000 0049 e-29,4.9e-38,J T^-2,False,NIST CODATA 2022 allascii parsed by two-or-more-space separation.,2026-06-02T17:49:57+00:00
nist_codata_2022_allascii_raw_benchmark_001.txt,atomic_unit_of_mass,atomic unit of mass,9.109 383 7139 e-31,9.1093837139e-31,0.000 000 0028 e-31,2.8e-40,kg,False,NIST CODATA 2022 allascii parsed by two-or-more-space separation.,2026-06-02T17:49:57+00:00
nist_codata_2022_allascii_raw_benchmark_001.txt,atomic_unit_of_momentum,atomic unit of momentum,1.992 851 915 45 e-24,1.99285191545e-24,0.000 000 000 31 e-24,3.1e-34,kg m s^-1,False,NIST CODATA 2022 allascii parsed by two-or-more-space separation.,2026-06-02T17:49:57+00:00
nist_codata_2022_allascii_raw_benchmark_001.txt,atomic_unit_of_permittivity,atomic unit of permittivity,1.112 650 056 20 e-10,1.1126500562e-10,0.000 000 000 17 e-10,1.7e-20,F m^-1,False,NIST CODATA 2022 allascii parsed by two-or-more-space separation.,2026-06-02T17:49:57+00:00
nist_codata_2022_allascii_raw_benchmark_001.txt,atomic_unit_of_time,atomic unit of time,2.418 884 326 5864 e-17,2.4188843265864e-17,0.000 000 000 0026 e-17,2.6e-29,s,False,NIST CODATA 2022 allascii parsed by two-or-more-space separation.,2026-06-02T17:49:57+00:00
nist_codata_2022_allascii_raw_benchmark_001.txt,atomic_unit_of_velocity,atomic unit of velocity,2.187 691 262 16 e6,2187691.26216,0.000 000 000 34 e6,0.00034,m s^-1,False,NIST CODATA 2022 allascii parsed by two-or-more-space separation.,2026-06-02T17:49:57+00:00
nist_codata_2022_allascii_raw_benchmark_001.txt,avogadro_constant,Avogadro constant,6.022 140 76 e23,6.02214076e+23,(exact),,mol^-1,False,NIST CODATA 2022 allascii parsed by two-or-more-space separation.,2026-06-02T17:49:57+00:00
nist_codata_2022_allascii_raw_benchmark_001.txt,bohr_magneton,Bohr magneton,9.274 010 0657 e-24,9.2740100657e-24,0.000 000 0029 e-24,2.9e-33,J T^-1,False,NIST CODATA 2022 allascii parsed by two-or-more-space separation.,2026-06-02T17:49:57+00:00
nist_codata_2022_allascii_raw_benchmark_001.txt,bohr_magneton_in_ev_t,Bohr magneton in eV/T,5.788 381 7982 e-5,5.7883817982e-05,0.000 000 0018 e-5,1.8e-14,eV T^-1,False,NIST CODATA 2022 allascii parsed by two-or-more-space separation.,2026-06-02T17:49:57+00:00
nist_codata_2022_allascii_raw_benchmark_001.txt,bohr_magneton_in_hz_t,Bohr magneton in Hz/T,1.399 624 491 71 e10,13996244917.1,0.000 000 000 44 e10,4.4,Hz T^-1,False,NIST CODATA 2022 allascii parsed by two-or-more-space separation.,2026-06-02T17:49:57+00:00
nist_codata_2022_allascii_raw_benchmark_001.txt,bohr_magneton_in_inverse_meter_per_tesla,Bohr magneton in inverse meter per tesla,46.686 447 719,46.686447719,0.000 000 015,1.5e-08,m^-1 T^-1,False,NIST CODATA 2022 allascii parsed by two-or-more-space separation.,2026-06-02T17:49:57+00:00
nist_codata_2022_allascii_raw_benchmark_001.txt,bohr_magneton_in_k_t,Bohr magneton in K/T,0.671 713 814 72,0.67171381472,0.000 000 000 21,2.1e-10,K T^-1,False,NIST CODATA 2022 allascii parsed by two-or-more-space separation.,2026-06-02T17:49:57+00:00
nist_codata_2022_allascii_raw_benchmark_001.txt,bohr_radius,Bohr radius,5.291 772 105 44 e-11,5.29177210544e-11,0.000 000 000 82 e-11,8.2e-21,m,False,NIST CODATA 2022 allascii parsed by two-or-more-space separation.,2026-06-02T17:49:57+00:00
nist_codata_2022_allascii_raw_benchmark_001.txt,boltzmann_constant,Boltzmann constant,1.380 649 e-23,1.380649e-23,(exact),,J K^-1,False,NIST CODATA 2022 allascii parsed by two-or-more-space separation.,2026-06-02T17:49:57+00:00
nist_codata_2022_allascii_raw_benchmark_001.txt,boltzmann_constant_in_ev_k,Boltzmann constant in eV/K,8.617 333 262... e-5,8.617333262e-05,(exact),,eV K^-1,False,NIST CODATA 2022 allascii parsed by two-or-more-space separation.,2026-06-02T17:49:57+00:00
nist_codata_2022_allascii_raw_benchmark_001.txt,boltzmann_constant_in_hz_k,Boltzmann constant in Hz/K,2.083 661 912... e10,20836619120.0,(exact),,Hz K^-1,False,NIST CODATA 2022 allascii parsed by two-or-more-space separation.,2026-06-02T17:49:57+00:00
nist_codata_2022_allascii_raw_benchmark_001.txt,boltzmann_constant_in_inverse_meter_per_kelvin,Boltzmann constant in inverse meter per kelvin,69.503 480 04...,69.50348004,(exact),,m^-1 K^-1,False,NIST CODATA 2022 allascii parsed by two-or-more-space separation.,2026-06-02T17:49:57+00:00
nist_codata_2022_allascii_raw_benchmark_001.txt,characteristic_impedance_of_vacuum,characteristic impedance of vacuum,376.730 313 412,376.730313412,0.000 000 059,5.9e-08,ohm,False,NIST CODATA 2022 allascii parsed by two-or-more-space separation.,2026-06-02T17:49:57+00:00
nist_codata_2022_allascii_raw_benchmark_001.txt,classical_electron_radius,classical electron radius,2.817 940 3205 e-15,2.8179403205e-15,0.000 000 0013 e-15,1.3e-24,m,False,NIST CODATA 2022 allascii parsed by two-or-more-space separation.,2026-06-02T17:49:57+00:00
nist_codata_2022_allascii_raw_benchmark_001.txt,compton_wavelength,Compton wavelength,2.426 310 235 38 e-12,2.42631023538e-12,0.000 000 000 76 e-12,7.6e-22,m,False,NIST CODATA 2022 allascii parsed by two-or-more-space separation.,2026-06-02T17:49:57+00:00
nist_codata_2022_allascii_raw_benchmark_001.txt,conductance_quantum,conductance quantum,7.748 091 729... e-5,7.748091729e-05,(exact),,S,False,NIST CODATA 2022 allascii parsed by two-or-more-space separation.,2026-06-02T17:49:57+00:00
nist_codata_2022_allascii_raw_benchmark_001.txt,conventional_value_of_ampere_90,conventional value of ampere-90,1.000 000 088 87...,1.00000008887,(exact),,A,False,NIST CODATA 2022 allascii parsed by two-or-more-space separation.,2026-06-02T17:49:57+00:00
nist_codata_2022_allascii_raw_benchmark_001.txt,conventional_value_of_coulomb_90,conventional value of coulomb-90,1.000 000 088 87...,1.00000008887,(exact),,C,False,NIST CODATA 2022 allascii parsed by two-or-more-space separation.,2026-06-02T17:49:57+00:00
nist_codata_2022_allascii_raw_benchmark_001.txt,conventional_value_of_farad_90,conventional value of farad-90,0.999 999 982 20...,0.9999999822,(exact),,F,False,NIST CODATA 2022 allascii parsed by two-or-more-space separation.,2026-06-02T17:49:57+00:00
nist_codata_2022_allascii_raw_benchmark_001.txt,conventional_value_of_henry_90,conventional value of henry-90,1.000 000 017 79...,1.00000001779,(exact),,H,False,NIST CODATA 2022 allascii parsed by two-or-more-space separation.,2026-06-02T17:49:57+00:00
nist_codata_2022_allascii_raw_benchmark_001.txt,conventional_value_of_josephson_constant,conventional value of Josephson constant,483 597.9 e9,483597900000000.0,(exact),,Hz V^-1,False,NIST CODATA 2022 allascii parsed by two-or-more-space separation.,2026-06-02T17:49:57+00:00
nist_codata_2022_allascii_raw_benchmark_001.txt,conventional_value_of_ohm_90,conventional value of ohm-90,1.000 000 017 79...,1.00000001779,(exact),,ohm,False,NIST CODATA 2022 allascii parsed by two-or-more-space separation.,2026-06-02T17:49:57+00:00
nist_codata_2022_allascii_raw_benchmark_001.txt,conventional_value_of_volt_90,conventional value of volt-90,1.000 000 106 66...,1.00000010666,(exact),,V,False,NIST CODATA 2022 allascii parsed by two-or-more-space separation.,2026-06-02T17:49:57+00:00
nist_codata_2022_allascii_raw_benchmark_001.txt,conventional_value_of_von_klitzing_constant,conventional value of von Klitzing constant,25 812.807,25812.807,(exact),,ohm,False,NIST CODATA 2022 allascii parsed by two-or-more-space separation.,2026-06-02T17:49:57+00:00
nist_codata_2022_allascii_raw_benchmark_001.txt,conventional_value_of_watt_90,conventional value of watt-90,1.000 000 195 53...,1.00000019553,(exact),,W,False,NIST CODATA 2022 allascii parsed by two-or-more-space separation.,2026-06-02T17:49:57+00:00
nist_codata_2022_allascii_raw_benchmark_001.txt,copper_x_unit,Copper x unit,1.002 076 97 e-13,1.00207697e-13,0.000 000 28 e-13,2.8e-20,m,False,NIST CODATA 2022 allascii parsed by two-or-more-space separation.,2026-06-02T17:49:57+00:00
nist_codata_2022_allascii_raw_benchmark_001.txt,deuteron_electron_mag_mom_ratio,deuteron-electron mag. mom. ratio,-4.664 345 550 e-4,-0.000466434555,0.000 000 012 e-4,1.2e-12,,False,NIST CODATA 2022 allascii parsed by two-or-more-space separation.,2026-06-02T17:49:57+00:00
nist_codata_2022_allascii_raw_benchmark_001.txt,deuteron_electron_mass_ratio,deuteron-electron mass ratio,3670.482 967 655,3670.482967655,0.000 000 063,6.3e-08,,False,NIST CODATA 2022 allascii parsed by two-or-more-space separation.,2026-06-02T17:49:57+00:00
nist_codata_2022_allascii_raw_benchmark_001.txt,deuteron_g_factor,deuteron g factor,0.857 438 2335,0.8574382335,0.000 000 0022,2.2e-09,,False,NIST CODATA 2022 allascii parsed by two-or-more-space separation.,2026-06-02T17:49:57+00:00
nist_codata_2022_allascii_raw_benchmark_001.txt,deuteron_mag_mom,deuteron mag. mom.,4.330 735 087 e-27,4.330735087e-27,0.000 000 011 e-27,1.1e-35,J T^-1,False,NIST CODATA 2022 allascii parsed by two-or-more-space separation.,2026-06-02T17:49:57+00:00
nist_codata_2022_allascii_raw_benchmark_001.txt,deuteron_mag_mom_to_bohr_magneton_ratio,deuteron mag. mom. to Bohr magneton ratio,4.669 754 568 e-4,0.0004669754568,0.000 000 012 e-4,1.2e-12,,False,NIST CODATA 2022 allascii parsed by two-or-more-space separation.,2026-06-02T17:49:57+00:00
nist_codata_2022_allascii_raw_benchmark_001.txt,deuteron_mag_mom_to_nuclear_magneton_ratio,deuteron mag. mom. to nuclear magneton ratio,0.857 438 2335,0.8574382335,0.000 000 0022,2.2e-09,,False,NIST CODATA 2022 allascii parsed by two-or-more-space separation.,2026-06-02T17:49:57+00:00
nist_codata_2022_allascii_raw_benchmark_001.txt,deuteron_mass,deuteron mass,3.343 583 7768 e-27,3.3435837768e-27,0.000 000 0010 e-27,1e-36,kg,False,NIST CODATA 2022 allascii parsed by two-or-more-space separation.,2026-06-02T17:49:57+00:00
nist_codata_2022_allascii_raw_benchmark_001.txt,deuteron_mass_energy_equivalent,deuteron mass energy equivalent,3.005 063 234 91 e-10,3.00506323491e-10,0.000 000 000 94 e-10,9.4e-20,J,False,NIST CODATA 2022 allascii parsed by two-or-more-space separation.,2026-06-02T17:49:57+00:00
nist_codata_2022_allascii_raw_benchmark_001.txt,deuteron_mass_energy_equivalent_in_mev,deuteron mass energy equivalent in MeV,1875.612 945 00,1875.612945,0.000 000 58,5.8e-07,MeV,False,NIST CODATA 2022 allascii parsed by two-or-more-space separation.,2026-06-02T17:49:57+00:00
nist_codata_2022_allascii_raw_benchmark_001.txt,deuteron_mass_in_u,deuteron mass in u,2.013 553 212 544,2.013553212544,0.000 000 000 015,1.5e-11,u,False,NIST CODATA 2022 allascii parsed by two-or-more-space separation.,2026-06-02T17:49:57+00:00
nist_codata_2022_allascii_raw_benchmark_001.txt,deuteron_molar_mass,deuteron molar mass,2.013 553 214 66 e-3,0.00201355321466,0.000 000 000 63 e-3,6.3e-13,kg mol^-1,False,NIST CODATA 2022 allascii parsed by two-or-more-space separation.,2026-06-02T17:49:57+00:00
nist_codata_2022_allascii_raw_benchmark_001.txt,deuteron_neutron_mag_mom_ratio,deuteron-neutron mag. mom. ratio,-0.448 206 52,-0.44820652,0.000 000 11,1.1e-07,,False,NIST CODATA 2022 allascii parsed by two-or-more-space separation.,2026-06-02T17:49:57+00:00
nist_codata_2022_allascii_raw_benchmark_001.txt,deuteron_proton_mag_mom_ratio,deuteron-proton mag. mom. ratio,0.307 012 209 30,0.3070122093,0.000 000 000 79,7.9e-10,,False,NIST CODATA 2022 allascii parsed by two-or-more-space separation.,2026-06-02T17:49:57+00:00
nist_codata_2022_allascii_raw_benchmark_001.txt,deuteron_proton_mass_ratio,deuteron-proton mass ratio,1.999 007 501 2699,1.9990075012699,0.000 000 000 0084,8.4e-12,,False,NIST CODATA 2022 allascii parsed by two-or-more-space separation.,2026-06-02T17:49:57+00:00
nist_codata_2022_allascii_raw_benchmark_001.txt,deuteron_relative_atomic_mass,deuteron relative atomic mass,2.013 553 212 544,2.013553212544,0.000 000 000 015,1.5e-11,,False,NIST CODATA 2022 allascii parsed by two-or-more-space separation.,2026-06-02T17:49:57+00:00
nist_codata_2022_allascii_raw_benchmark_001.txt,deuteron_rms_charge_radius,deuteron rms charge radius,2.127 78 e-15,2.12778e-15,0.000 27 e-15,2.7e-19,m,False,NIST CODATA 2022 allascii parsed by two-or-more-space separation.,2026-06-02T17:49:57+00:00
nist_codata_2022_allascii_raw_benchmark_001.txt,electron_charge_to_mass_quotient,electron charge to mass quotient,-1.758 820 008 38 e11,-175882000838.0,0.000 000 000 55 e11,55.0,C kg^-1,False,NIST CODATA 2022 allascii parsed by two-or-more-space separation.,2026-06-02T17:49:57+00:00
nist_codata_2022_allascii_raw_benchmark_001.txt,electron_deuteron_mag_mom_ratio,electron-deuteron mag. mom. ratio,-2143.923 4921,-2143.9234921,0.000 0056,5.6e-06,,False,NIST CODATA 2022 allascii parsed by two-or-more-space separation.,2026-06-02T17:49:57+00:00
nist_codata_2022_allascii_raw_benchmark_001.txt,electron_deuteron_mass_ratio,electron-deuteron mass ratio,2.724 437 107 629 e-4,0.0002724437107629,0.000 000 000 047 e-4,4.7e-15,,False,NIST CODATA 2022 allascii parsed by two-or-more-space separation.,2026-06-02T17:49:57+00:00
nist_codata_2022_allascii_raw_benchmark_001.txt,electron_g_factor,electron g factor,-2.002 319 304 360 92,-2.00231930436092,0.000 000 000 000 36,3.6e-13,,False,NIST CODATA 2022 allascii parsed by two-or-more-space separation.,2026-06-02T17:49:57+00:00
nist_codata_2022_allascii_raw_benchmark_001.txt,electron_gyromag_ratio,electron gyromag. ratio,1.760 859 627 84 e11,176085962784.0,0.000 000 000 55 e11,55.0,s^-1 T^-1,False,NIST CODATA 2022 allascii parsed by two-or-more-space separation.,2026-06-02T17:49:57+00:00
nist_codata_2022_allascii_raw_benchmark_001.txt,electron_gyromag_ratio_in_mhz_t,electron gyromag. ratio in MHz/T,28 024.951 3861,28024.9513861,0.000 0087,8.7e-06,MHz T^-1,False,NIST CODATA 2022 allascii parsed by two-or-more-space separation.,2026-06-02T17:49:57+00:00
nist_codata_2022_allascii_raw_benchmark_001.txt,electron_helion_mass_ratio,electron-helion mass ratio,1.819 543 074 649 e-4,0.0001819543074649,0.000 000 000 053 e-4,5.3e-15,,False,NIST CODATA 2022 allascii parsed by two-or-more-space separation.,2026-06-02T17:49:57+00:00
nist_codata_2022_allascii_raw_benchmark_001.txt,electron_mag_mom,electron mag. mom.,-9.284 764 6917 e-24,-9.2847646917e-24,0.000 000 0029 e-24,2.9e-33,J T^-1,False,NIST CODATA 2022 allascii parsed by two-or-more-space separation.,2026-06-02T17:49:57+00:00
nist_codata_2022_allascii_raw_benchmark_001.txt,electron_mag_mom_anomaly,electron mag. mom. anomaly,1.159 652 180 46 e-3,0.00115965218046,0.000 000 000 18 e-3,1.8e-13,,False,NIST CODATA 2022 allascii parsed by two-or-more-space separation.,2026-06-02T17:49:57+00:00
nist_codata_2022_allascii_raw_benchmark_001.txt,electron_mag_mom_to_bohr_magneton_ratio,electron mag. mom. to Bohr magneton ratio,-1.001 159 652 180 46,-1.00115965218046,0.000 000 000 000 18,1.8e-13,,False,NIST CODATA 2022 allascii parsed by two-or-more-space separation.,2026-06-02T17:49:57+00:00
nist_codata_2022_allascii_raw_benchmark_001.txt,electron_mag_mom_to_nuclear_magneton_ratio,electron mag. mom. to nuclear magneton ratio,-1838.281 971 877,-1838.281971877,0.000 000 032,3.2e-08,,False,NIST CODATA 2022 allascii parsed by two-or-more-space separation.,2026-06-02T17:49:57+00:00
nist_codata_2022_allascii_raw_benchmark_001.txt,electron_mass,electron mass,9.109 383 7139 e-31,9.1093837139e-31,0.000 000 0028 e-31,2.8e-40,kg,False,NIST CODATA 2022 allascii parsed by two-or-more-space separation.,2026-06-02T17:49:57+00:00
nist_codata_2022_allascii_raw_benchmark_001.txt,electron_mass_energy_equivalent,electron mass energy equivalent,8.187 105 7880 e-14,8.187105788e-14,0.000 000 0026 e-14,2.6e-23,J,False,NIST CODATA 2022 allascii parsed by two-or-more-space separation.,2026-06-02T17:49:57+00:00
nist_codata_2022_allascii_raw_benchmark_001.txt,electron_mass_energy_equivalent_MeV,electron mass energy equivalent in MeV,0.510 998 950 69,0.51099895069,0.000 000 000 16,1.6e-10,MeV,True,NIST CODATA 2022 allascii parsed by two-or-more-space separation.,2026-06-02T17:49:57+00:00
nist_codata_2022_allascii_raw_benchmark_001.txt,electron_mass_in_u,electron mass in u,5.485 799 090 441 e-4,0.0005485799090441,0.000 000 000 097 e-4,9.7e-15,u,False,NIST CODATA 2022 allascii parsed by two-or-more-space separation.,2026-06-02T17:49:57+00:00
nist_codata_2022_allascii_raw_benchmark_001.txt,electron_molar_mass,electron molar mass,5.485 799 0962 e-7,5.4857990962e-07,0.000 000 0017 e-7,1.7e-16,kg mol^-1,False,NIST CODATA 2022 allascii parsed by two-or-more-space separation.,2026-06-02T17:49:57+00:00
nist_codata_2022_allascii_raw_benchmark_001.txt,electron_muon_mag_mom_ratio,electron-muon mag. mom. ratio,206.766 9881,206.7669881,0.000 0046,4.6e-06,,False,NIST CODATA 2022 allascii parsed by two-or-more-space separation.,2026-06-02T17:49:57+00:00
nist_codata_2022_allascii_raw_benchmark_001.txt,electron_muon_mass_ratio,electron-muon mass ratio,4.836 331 70 e-3,0.0048363317,0.000 000 11 e-3,1.1e-10,,False,NIST CODATA 2022 allascii parsed by two-or-more-space separation.,2026-06-02T17:49:57+00:00
nist_codata_2022_allascii_raw_benchmark_001.txt,electron_neutron_mag_mom_ratio,electron-neutron mag. mom. ratio,960.920 48,960.92048,0.000 23,0.00023,,False,NIST CODATA 2022 allascii parsed by two-or-more-space separation.,2026-06-02T17:49:57+00:00
nist_codata_2022_allascii_raw_benchmark_001.txt,electron_neutron_mass_ratio,electron-neutron mass ratio,5.438 673 4416 e-4,0.00054386734416,0.000 000 0022 e-4,2.2e-13,,False,NIST CODATA 2022 allascii parsed by two-or-more-space separation.,2026-06-02T17:49:57+00:00
nist_codata_2022_allascii_raw_benchmark_001.txt,electron_proton_mag_mom_ratio,electron-proton mag. mom. ratio,-658.210 687 89,-658.21068789,0.000 000 19,1.9e-07,,False,NIST CODATA 2022 allascii parsed by two-or-more-space separation.,2026-06-02T17:49:57+00:00
nist_codata_2022_allascii_raw_benchmark_001.txt,electron_proton_mass_ratio,electron-proton mass ratio,5.446 170 214 889 e-4,0.0005446170214889,0.000 000 000 094 e-4,9.4e-15,,False,NIST CODATA 2022 allascii parsed by two-or-more-space separation.,2026-06-02T17:49:57+00:00
nist_codata_2022_allascii_raw_benchmark_001.txt,electron_relative_atomic_mass,electron relative atomic mass,5.485 799 090 441 e-4,0.0005485799090441,0.000 000 000 097 e-4,9.7e-15,,False,NIST CODATA 2022 allascii parsed by two-or-more-space separation.,2026-06-02T17:49:57+00:00
nist_codata_2022_allascii_raw_benchmark_001.txt,electron_tau_mass_ratio,electron-tau mass ratio,2.875 85 e-4,0.000287585,0.000 19 e-4,1.9e-08,,False,NIST CODATA 2022 allascii parsed by two-or-more-space separation.,2026-06-02T17:49:57+00:00
nist_codata_2022_allascii_raw_benchmark_001.txt,electron_to_alpha_particle_mass_ratio,electron to alpha particle mass ratio,1.370 933 554 733 e-4,0.0001370933554733,0.000 000 000 032 e-4,3.2e-15,,False,NIST CODATA 2022 allascii parsed by two-or-more-space separation.,2026-06-02T17:49:57+00:00
nist_codata_2022_allascii_raw_benchmark_001.txt,electron_to_shielded_helion_mag_mom_ratio,electron to shielded helion mag. mom. ratio,864.058 239 86,864.05823986,0.000 000 70,7e-07,,False,NIST CODATA 2022 allascii parsed by two-or-more-space separation.,2026-06-02T17:49:57+00:00
nist_codata_2022_allascii_raw_benchmark_001.txt,electron_to_shielded_proton_mag_mom_ratio,electron to shielded proton mag. mom. ratio,-658.227 5856,-658.2275856,0.000 0027,2.7e-06,,False,NIST CODATA 2022 allascii parsed by two-or-more-space separation.,2026-06-02T17:49:57+00:00
nist_codata_2022_allascii_raw_benchmark_001.txt,electron_triton_mass_ratio,electron-triton mass ratio,1.819 200 062 327 e-4,0.0001819200062327,0.000 000 000 068 e-4,6.8e-15,,False,NIST CODATA 2022 allascii parsed by two-or-more-space separation.,2026-06-02T17:49:57+00:00
nist_codata_2022_allascii_raw_benchmark_001.txt,electron_volt_joule,electron volt,1.602 176 634 e-19,1.602176634e-19,(exact),,J,True,NIST CODATA 2022 allascii parsed by two-or-more-space separation.,2026-06-02T17:49:57+00:00
nist_codata_2022_allascii_raw_benchmark_001.txt,electron_volt_atomic_mass_unit_relationship,electron volt-atomic mass unit relationship,1.073 544 100 83 e-9,1.07354410083e-09,0.000 000 000 33 e-9,3.3e-19,u,False,NIST CODATA 2022 allascii parsed by two-or-more-space separation.,2026-06-02T17:49:57+00:00
nist_codata_2022_allascii_raw_benchmark_001.txt,electron_volt_hartree_relationship,electron volt-hartree relationship,3.674 932 217 5665 e-2,0.036749322175665,0.000 000 000 0040 e-2,4e-14,E_h,False,NIST CODATA 2022 allascii parsed by two-or-more-space separation.,2026-06-02T17:49:57+00:00
nist_codata_2022_allascii_raw_benchmark_001.txt,electron_volt_hertz_relationship,electron volt-hertz relationship,2.417 989 242... e14,241798924200000.0,(exact),,Hz,False,NIST CODATA 2022 allascii parsed by two-or-more-space separation.,2026-06-02T17:49:57+00:00
nist_codata_2022_allascii_raw_benchmark_001.txt,electron_volt_inverse_meter_relationship,electron volt-inverse meter relationship,8.065 543 937... e5,806554.3937,(exact),,m^-1,False,NIST CODATA 2022 allascii parsed by two-or-more-space separation.,2026-06-02T17:49:57+00:00
nist_codata_2022_allascii_raw_benchmark_001.txt,electron_volt_joule_relationship,electron volt-joule relationship,1.602 176 634 e-19,1.602176634e-19,(exact),,J,False,NIST CODATA 2022 allascii parsed by two-or-more-space separation.,2026-06-02T17:49:57+00:00
nist_codata_2022_allascii_raw_benchmark_001.txt,electron_volt_kelvin_relationship,electron volt-kelvin relationship,1.160 451 812... e4,11604.51812,(exact),,K,False,NIST CODATA 2022 allascii parsed by two-or-more-space separation.,2026-06-02T17:49:57+00:00
nist_codata_2022_allascii_raw_benchmark_001.txt,electron_volt_kilogram_relationship,electron volt-kilogram relationship,1.782 661 921... e-36,1.782661921e-36,(exact),,kg,False,NIST CODATA 2022 allascii parsed by two-or-more-space separation.,2026-06-02T17:49:57+00:00
nist_codata_2022_allascii_raw_benchmark_001.txt,elementary_charge,elementary charge,1.602 176 634 e-19,1.602176634e-19,(exact),,C,False,NIST CODATA 2022 allascii parsed by two-or-more-space separation.,2026-06-02T17:49:57+00:00
nist_codata_2022_allascii_raw_benchmark_001.txt,elementary_charge_over_h_bar,elementary charge over h-bar,1.519 267 447... e15,1519267447000000.0,(exact),,A J^-1,False,NIST CODATA 2022 allascii parsed by two-or-more-space separation.,2026-06-02T17:49:57+00:00
nist_codata_2022_allascii_raw_benchmark_001.txt,faraday_constant,Faraday constant,96 485.332 12...,96485.33212,(exact),,C mol^-1,False,NIST CODATA 2022 allascii parsed by two-or-more-space separation.,2026-06-02T17:49:57+00:00
nist_codata_2022_allascii_raw_benchmark_001.txt,fermi_coupling_constant,Fermi coupling constant,1.166 3787 e-5,1.1663787e-05,0.000 0006 e-5,6e-12,GeV^-2,False,NIST CODATA 2022 allascii parsed by two-or-more-space separation.,2026-06-02T17:49:57+00:00
nist_codata_2022_allascii_raw_benchmark_001.txt,fine_structure_constant,fine-structure constant,7.297 352 5643 e-3,0.0072973525643,0.000 000 0011 e-3,1.1e-12,,True,NIST CODATA 2022 allascii parsed by two-or-more-space separation.,2026-06-02T17:49:57+00:00
nist_codata_2022_allascii_raw_benchmark_001.txt,first_radiation_constant,first radiation constant,3.741 771 852... e-16,3.741771852e-16,(exact),,W m^2,False,NIST CODATA 2022 allascii parsed by two-or-more-space separation.,2026-06-02T17:49:57+00:00
nist_codata_2022_allascii_raw_benchmark_001.txt,first_radiation_constant_for_spectral_radiance,first radiation constant for spectral radiance,1.191 042 972... e-16,1.191042972e-16,(exact),,W m^2 sr^-1,False,NIST CODATA 2022 allascii parsed by two-or-more-space separation.,2026-06-02T17:49:57+00:00
nist_codata_2022_allascii_raw_benchmark_001.txt,hartree_atomic_mass_unit_relationship,hartree-atomic mass unit relationship,2.921 262 317 97 e-8,2.92126231797e-08,0.000 000 000 91 e-8,9.1e-18,u,False,NIST CODATA 2022 allascii parsed by two-or-more-space separation.,2026-06-02T17:49:57+00:00
nist_codata_2022_allascii_raw_benchmark_001.txt,hartree_electron_volt_relationship,hartree-electron volt relationship,27.211 386 245 981,27.211386245981,0.000 000 000 030,3e-11,eV,False,NIST CODATA 2022 allascii parsed by two-or-more-space separation.,2026-06-02T17:49:57+00:00
nist_codata_2022_allascii_raw_benchmark_001.txt,hartree_energy,Hartree energy,4.359 744 722 2060 e-18,4.359744722206e-18,0.000 000 000 0048 e-18,4.8e-30,J,False,NIST CODATA 2022 allascii parsed by two-or-more-space separation.,2026-06-02T17:49:57+00:00
nist_codata_2022_allascii_raw_benchmark_001.txt,hartree_energy_in_ev,Hartree energy in eV,27.211 386 245 981,27.211386245981,0.000 000 000 030,3e-11,eV,False,NIST CODATA 2022 allascii parsed by two-or-more-space separation.,2026-06-02T17:49:57+00:00
nist_codata_2022_allascii_raw_benchmark_001.txt,hartree_hertz_relationship,hartree-hertz relationship,6.579 683 920 4999 e15,6579683920499900.0,0.000 000 000 0072 e15,7200.0,Hz,False,NIST CODATA 2022 allascii parsed by two-or-more-space separation.,2026-06-02T17:49:57+00:00
nist_codata_2022_allascii_raw_benchmark_001.txt,hartree_inverse_meter_relationship,hartree-inverse meter relationship,2.194 746 313 6314 e7,21947463.136314,0.000 000 000 0024 e7,2.4e-05,m^-1,False,NIST CODATA 2022 allascii parsed by two-or-more-space separation.,2026-06-02T17:49:57+00:00
nist_codata_2022_allascii_raw_benchmark_001.txt,hartree_joule_relationship,hartree-joule relationship,4.359 744 722 2060 e-18,4.359744722206e-18,0.000 000 000 0048 e-18,4.8e-30,J,False,NIST CODATA 2022 allascii parsed by two-or-more-space separation.,2026-06-02T17:49:57+00:00
nist_codata_2022_allascii_raw_benchmark_001.txt,hartree_kelvin_relationship,hartree-kelvin relationship,3.157 750 248 0398 e5,315775.02480398,0.000 000 000 0034 e5,3.4e-07,K,False,NIST CODATA 2022 allascii parsed by two-or-more-space separation.,2026-06-02T17:49:57+00:00
nist_codata_2022_allascii_raw_benchmark_001.txt,hartree_kilogram_relationship,hartree-kilogram relationship,4.850 870 209 5419 e-35,4.8508702095419e-35,0.000 000 000 0053 e-35,5.3e-47,kg,False,NIST CODATA 2022 allascii parsed by two-or-more-space separation.,2026-06-02T17:49:57+00:00
nist_codata_2022_allascii_raw_benchmark_001.txt,helion_electron_mass_ratio,helion-electron mass ratio,5495.885 279 84,5495.88527984,0.000 000 16,1.6e-07,,False,NIST CODATA 2022 allascii parsed by two-or-more-space separation.,2026-06-02T17:49:57+00:00
nist_codata_2022_allascii_raw_benchmark_001.txt,helion_g_factor,helion g factor,-4.255 250 6995,-4.2552506995,0.000 000 0034,3.4e-09,,False,NIST CODATA 2022 allascii parsed by two-or-more-space separation.,2026-06-02T17:49:57+00:00
nist_codata_2022_allascii_raw_benchmark_001.txt,helion_mag_mom,helion mag. mom.,-1.074 617 551 98 e-26,-1.07461755198e-26,0.000 000 000 93 e-26,9.3e-36,J T^-1,False,NIST CODATA 2022 allascii parsed by two-or-more-space separation.,2026-06-02T17:49:57+00:00
nist_codata_2022_allascii_raw_benchmark_001.txt,helion_mag_mom_to_bohr_magneton_ratio,helion mag. mom. to Bohr magneton ratio,-1.158 740 980 83 e-3,-0.00115874098083,0.000 000 000 94 e-3,9.4e-13,,False,NIST CODATA 2022 allascii parsed by two-or-more-space separation.,2026-06-02T17:49:57+00:00
nist_codata_2022_allascii_raw_benchmark_001.txt,helion_mag_mom_to_nuclear_magneton_ratio,helion mag. mom. to nuclear magneton ratio,-2.127 625 3498,-2.1276253498,0.000 000 0017,1.7e-09,,False,NIST CODATA 2022 allascii parsed by two-or-more-space separation.,2026-06-02T17:49:57+00:00
nist_codata_2022_allascii_raw_benchmark_001.txt,helion_mass,helion mass,5.006 412 7862 e-27,5.0064127862e-27,0.000 000 0016 e-27,1.6e-36,kg,False,NIST CODATA 2022 allascii parsed by two-or-more-space separation.,2026-06-02T17:49:57+00:00
nist_codata_2022_allascii_raw_benchmark_001.txt,helion_mass_energy_equivalent,helion mass energy equivalent,4.499 539 4185 e-10,4.4995394185e-10,0.000 000 0014 e-10,1.4e-19,J,False,NIST CODATA 2022 allascii parsed by two-or-more-space separation.,2026-06-02T17:49:57+00:00
nist_codata_2022_allascii_raw_benchmark_001.txt,helion_mass_energy_equivalent_in_mev,helion mass energy equivalent in MeV,2808.391 611 12,2808.39161112,0.000 000 88,8.8e-07,MeV,False,NIST CODATA 2022 allascii parsed by two-or-more-space separation.,2026-06-02T17:49:57+00:00
nist_codata_2022_allascii_raw_benchmark_001.txt,helion_mass_in_u,helion mass in u,3.014 932 246 932,3.014932246932,0.000 000 000 074,7.4e-11,u,False,NIST CODATA 2022 allascii parsed by two-or-more-space separation.,2026-06-02T17:49:57+00:00
nist_codata_2022_allascii_raw_benchmark_001.txt,helion_molar_mass,helion molar mass,3.014 932 250 10 e-3,0.0030149322501,0.000 000 000 94 e-3,9.4e-13,kg mol^-1,False,NIST CODATA 2022 allascii parsed by two-or-more-space separation.,2026-06-02T17:49:57+00:00
nist_codata_2022_allascii_raw_benchmark_001.txt,helion_proton_mass_ratio,helion-proton mass ratio,2.993 152 671 552,2.993152671552,0.000 000 000 070,7e-11,,False,NIST CODATA 2022 allascii parsed by two-or-more-space separation.,2026-06-02T17:49:57+00:00
nist_codata_2022_allascii_raw_benchmark_001.txt,helion_relative_atomic_mass,helion relative atomic mass,3.014 932 246 932,3.014932246932,0.000 000 000 074,7.4e-11,,False,NIST CODATA 2022 allascii parsed by two-or-more-space separation.,2026-06-02T17:49:57+00:00
nist_codata_2022_allascii_raw_benchmark_001.txt,helion_shielding_shift,helion shielding shift,5.996 7029 e-5,5.9967029e-05,0.000 0023 e-5,2.3e-11,,False,NIST CODATA 2022 allascii parsed by two-or-more-space separation.,2026-06-02T17:49:57+00:00
nist_codata_2022_allascii_raw_benchmark_001.txt,hertz_atomic_mass_unit_relationship,hertz-atomic mass unit relationship,4.439 821 6590 e-24,4.439821659e-24,0.000 000 0014 e-24,1.4e-33,u,False,NIST CODATA 2022 allascii parsed by two-or-more-space separation.,2026-06-02T17:49:57+00:00
nist_codata_2022_allascii_raw_benchmark_001.txt,hertz_electron_volt_relationship,hertz-electron volt relationship,4.135 667 696... e-15,4.135667696e-15,(exact),,eV,False,NIST CODATA 2022 allascii parsed by two-or-more-space separation.,2026-06-02T17:49:57+00:00
nist_codata_2022_allascii_raw_benchmark_001.txt,hertz_hartree_relationship,hertz-hartree relationship,1.519 829 846 0574 e-16,1.5198298460574e-16,0.000 000 000 0017 e-16,1.7e-28,E_h,False,NIST CODATA 2022 allascii parsed by two-or-more-space separation.,2026-06-02T17:49:57+00:00
nist_codata_2022_allascii_raw_benchmark_001.txt,hertz_inverse_meter_relationship,hertz-inverse meter relationship,3.335 640 951... e-9,3.335640951e-09,(exact),,m^-1,False,NIST CODATA 2022 allascii parsed by two-or-more-space separation.,2026-06-02T17:49:57+00:00
nist_codata_2022_allascii_raw_benchmark_001.txt,hertz_joule_relationship,hertz-joule relationship,6.626 070 15 e-34,6.62607015e-34,(exact),,J,False,NIST CODATA 2022 allascii parsed by two-or-more-space separation.,2026-06-02T17:49:57+00:00
nist_codata_2022_allascii_raw_benchmark_001.txt,hertz_kelvin_relationship,hertz-kelvin relationship,4.799 243 073... e-11,4.799243073e-11,(exact),,K,False,NIST CODATA 2022 allascii parsed by two-or-more-space separation.,2026-06-02T17:49:57+00:00
nist_codata_2022_allascii_raw_benchmark_001.txt,hertz_kilogram_relationship,hertz-kilogram relationship,7.372 497 323... e-51,7.372497323e-51,(exact),,kg,False,NIST CODATA 2022 allascii parsed by two-or-more-space separation.,2026-06-02T17:49:57+00:00
nist_codata_2022_allascii_raw_benchmark_001.txt,hyperfine_transition_frequency_of_cs_133,hyperfine transition frequency of Cs-133,9 192 631 770,9192631770.0,(exact),,Hz,False,NIST CODATA 2022 allascii parsed by two-or-more-space separation.,2026-06-02T17:49:57+00:00
nist_codata_2022_allascii_raw_benchmark_001.txt,inverse_fine_structure_constant,inverse fine-structure constant,137.035 999 177,137.035999177,0.000 000 021,2.1e-08,,False,NIST CODATA 2022 allascii parsed by two-or-more-space separation.,2026-06-02T17:49:57+00:00
nist_codata_2022_allascii_raw_benchmark_001.txt,inverse_meter_atomic_mass_unit_relationship,inverse meter-atomic mass unit relationship,1.331 025 048 24 e-15,1.33102504824e-15,0.000 000 000 41 e-15,4.1e-25,u,False,NIST CODATA 2022 allascii parsed by two-or-more-space separation.,2026-06-02T17:49:57+00:00
nist_codata_2022_allascii_raw_benchmark_001.txt,inverse_meter_electron_volt_relationship,inverse meter-electron volt relationship,1.239 841 984... e-6,1.239841984e-06,(exact),,eV,False,NIST CODATA 2022 allascii parsed by two-or-more-space separation.,2026-06-02T17:49:57+00:00
nist_codata_2022_allascii_raw_benchmark_001.txt,inverse_meter_hartree_relationship,inverse meter-hartree relationship,4.556 335 252 9132 e-8,4.5563352529132e-08,0.000 000 000 0050 e-8,5e-20,E_h,False,NIST CODATA 2022 allascii parsed by two-or-more-space separation.,2026-06-02T17:49:57+00:00
nist_codata_2022_allascii_raw_benchmark_001.txt,inverse_meter_hertz_relationship,inverse meter-hertz relationship,299 792 458,299792458.0,(exact),,Hz,False,NIST CODATA 2022 allascii parsed by two-or-more-space separation.,2026-06-02T17:49:57+00:00
nist_codata_2022_allascii_raw_benchmark_001.txt,inverse_meter_joule_relationship,inverse meter-joule relationship,1.986 445 857... e-25,1.986445857e-25,(exact),,J,False,NIST CODATA 2022 allascii parsed by two-or-more-space separation.,2026-06-02T17:49:57+00:00
nist_codata_2022_allascii_raw_benchmark_001.txt,inverse_meter_kelvin_relationship,inverse meter-kelvin relationship,1.438 776 877... e-2,0.01438776877,(exact),,K,False,NIST CODATA 2022 allascii parsed by two-or-more-space separation.,2026-06-02T17:49:57+00:00
nist_codata_2022_allascii_raw_benchmark_001.txt,inverse_meter_kilogram_relationship,inverse meter-kilogram relationship,2.210 219 094... e-42,2.210219094e-42,(exact),,kg,False,NIST CODATA 2022 allascii parsed by two-or-more-space separation.,2026-06-02T17:49:57+00:00
nist_codata_2022_allascii_raw_benchmark_001.txt,inverse_of_conductance_quantum,inverse of conductance quantum,12 906.403 72...,12906.40372,(exact),,ohm,False,NIST CODATA 2022 allascii parsed by two-or-more-space separation.,2026-06-02T17:49:57+00:00
nist_codata_2022_allascii_raw_benchmark_001.txt,josephson_constant,Josephson constant,483 597.848 4... e9,483597848400000.0,(exact),,Hz V^-1,False,NIST CODATA 2022 allascii parsed by two-or-more-space separation.,2026-06-02T17:49:57+00:00
nist_codata_2022_allascii_raw_benchmark_001.txt,joule_atomic_mass_unit_relationship,joule-atomic mass unit relationship,6.700 535 2471 e9,6700535247.1,0.000 000 0021 e9,2.1,u,False,NIST CODATA 2022 allascii parsed by two-or-more-space separation.,2026-06-02T17:49:57+00:00
nist_codata_2022_allascii_raw_benchmark_001.txt,joule_electron_volt_relationship,joule-electron volt relationship,6.241 509 074... e18,6.241509074e+18,(exact),,eV,True,NIST CODATA 2022 allascii parsed by two-or-more-space separation.,2026-06-02T17:49:57+00:00
nist_codata_2022_allascii_raw_benchmark_001.txt,joule_hartree_relationship,joule-hartree relationship,2.293 712 278 3969 e17,2.2937122783969e+17,0.000 000 000 0025 e17,250000.0,E_h,False,NIST CODATA 2022 allascii parsed by two-or-more-space separation.,2026-06-02T17:49:57+00:00
nist_codata_2022_allascii_raw_benchmark_001.txt,joule_hertz_relationship,joule-hertz relationship,1.509 190 179... e33,1.509190179e+33,(exact),,Hz,False,NIST CODATA 2022 allascii parsed by two-or-more-space separation.,2026-06-02T17:49:57+00:00
nist_codata_2022_allascii_raw_benchmark_001.txt,joule_inverse_meter_relationship,joule-inverse meter relationship,5.034 116 567... e24,5.034116567e+24,(exact),,m^-1,False,NIST CODATA 2022 allascii parsed by two-or-more-space separation.,2026-06-02T17:49:57+00:00
nist_codata_2022_allascii_raw_benchmark_001.txt,joule_kelvin_relationship,joule-kelvin relationship,7.242 970 516... e22,7.242970516e+22,(exact),,K,False,NIST CODATA 2022 allascii parsed by two-or-more-space separation.,2026-06-02T17:49:57+00:00
nist_codata_2022_allascii_raw_benchmark_001.txt,joule_kilogram_relationship,joule-kilogram relationship,1.112 650 056... e-17,1.112650056e-17,(exact),,kg,False,NIST CODATA 2022 allascii parsed by two-or-more-space separation.,2026-06-02T17:49:57+00:00
nist_codata_2022_allascii_raw_benchmark_001.txt,kelvin_atomic_mass_unit_relationship,kelvin-atomic mass unit relationship,9.251 087 2884 e-14,9.2510872884e-14,0.000 000 0029 e-14,2.9e-23,u,False,NIST CODATA 2022 allascii parsed by two-or-more-space separation.,2026-06-02T17:49:57+00:00
nist_codata_2022_allascii_raw_benchmark_001.txt,kelvin_electron_volt_relationship,kelvin-electron volt relationship,8.617 333 262... e-5,8.617333262e-05,(exact),,eV,False,NIST CODATA 2022 allascii parsed by two-or-more-space separation.,2026-06-02T17:49:57+00:00
nist_codata_2022_allascii_raw_benchmark_001.txt,kelvin_hartree_relationship,kelvin-hartree relationship,3.166 811 563 4564 e-6,3.1668115634564e-06,0.000 000 000 0035 e-6,3.5e-18,E_h,False,NIST CODATA 2022 allascii parsed by two-or-more-space separation.,2026-06-02T17:49:57+00:00
nist_codata_2022_allascii_raw_benchmark_001.txt,kelvin_hertz_relationship,kelvin-hertz relationship,2.083 661 912... e10,20836619120.0,(exact),,Hz,False,NIST CODATA 2022 allascii parsed by two-or-more-space separation.,2026-06-02T17:49:57+00:00
nist_codata_2022_allascii_raw_benchmark_001.txt,kelvin_inverse_meter_relationship,kelvin-inverse meter relationship,69.503 480 04...,69.50348004,(exact),,m^-1,False,NIST CODATA 2022 allascii parsed by two-or-more-space separation.,2026-06-02T17:49:57+00:00
nist_codata_2022_allascii_raw_benchmark_001.txt,kelvin_joule_relationship,kelvin-joule relationship,1.380 649 e-23,1.380649e-23,(exact),,J,False,NIST CODATA 2022 allascii parsed by two-or-more-space separation.,2026-06-02T17:49:57+00:00
nist_codata_2022_allascii_raw_benchmark_001.txt,kelvin_kilogram_relationship,kelvin-kilogram relationship,1.536 179 187... e-40,1.536179187e-40,(exact),,kg,False,NIST CODATA 2022 allascii parsed by two-or-more-space separation.,2026-06-02T17:49:57+00:00
nist_codata_2022_allascii_raw_benchmark_001.txt,kilogram_atomic_mass_unit_relationship,kilogram-atomic mass unit relationship,6.022 140 7537 e26,6.0221407537e+26,0.000 000 0019 e26,1.9e+17,u,False,NIST CODATA 2022 allascii parsed by two-or-more-space separation.,2026-06-02T17:49:57+00:00
nist_codata_2022_allascii_raw_benchmark_001.txt,kilogram_electron_volt_relationship,kilogram-electron volt relationship,5.609 588 603... e35,5.609588603e+35,(exact),,eV,False,NIST CODATA 2022 allascii parsed by two-or-more-space separation.,2026-06-02T17:49:57+00:00
nist_codata_2022_allascii_raw_benchmark_001.txt,kilogram_hartree_relationship,kilogram-hartree relationship,2.061 485 788 7415 e34,2.0614857887415e+34,0.000 000 000 0022 e34,2.2e+22,E_h,False,NIST CODATA 2022 allascii parsed by two-or-more-space separation.,2026-06-02T17:49:57+00:00
nist_codata_2022_allascii_raw_benchmark_001.txt,kilogram_hertz_relationship,kilogram-hertz relationship,1.356 392 489... e50,1.356392489e+50,(exact),,Hz,False,NIST CODATA 2022 allascii parsed by two-or-more-space separation.,2026-06-02T17:49:57+00:00
nist_codata_2022_allascii_raw_benchmark_001.txt,kilogram_inverse_meter_relationship,kilogram-inverse meter relationship,4.524 438 335... e41,4.524438335e+41,(exact),,m^-1,False,NIST CODATA 2022 allascii parsed by two-or-more-space separation.,2026-06-02T17:49:57+00:00
nist_codata_2022_allascii_raw_benchmark_001.txt,kilogram_joule_relationship,kilogram-joule relationship,8.987 551 787... e16,8.987551787e+16,(exact),,J,False,NIST CODATA 2022 allascii parsed by two-or-more-space separation.,2026-06-02T17:49:57+00:00
nist_codata_2022_allascii_raw_benchmark_001.txt,kilogram_kelvin_relationship,kilogram-kelvin relationship,6.509 657 260... e39,6.50965726e+39,(exact),,K,False,NIST CODATA 2022 allascii parsed by two-or-more-space separation.,2026-06-02T17:49:57+00:00
nist_codata_2022_allascii_raw_benchmark_001.txt,lattice_parameter_of_silicon,lattice parameter of silicon,5.431 020 511 e-10,5.431020511e-10,0.000 000 089 e-10,8.9e-18,m,False,NIST CODATA 2022 allascii parsed by two-or-more-space separation.,2026-06-02T17:49:57+00:00
nist_codata_2022_allascii_raw_benchmark_001.txt,lattice_spacing_of_ideal_si_220,lattice spacing of ideal Si (220),1.920 155 716 e-10,1.920155716e-10,0.000 000 032 e-10,3.2e-18,m,False,NIST CODATA 2022 allascii parsed by two-or-more-space separation.,2026-06-02T17:49:57+00:00
nist_codata_2022_allascii_raw_benchmark_001.txt,loschmidt_constant_273_15_k_100_kpa,"Loschmidt constant (273.15 K, 100 kPa)",2.651 645 804... e25,2.651645804e+25,(exact),,m^-3,False,NIST CODATA 2022 allascii parsed by two-or-more-space separation.,2026-06-02T17:49:57+00:00
nist_codata_2022_allascii_raw_benchmark_001.txt,loschmidt_constant_273_15_k_101_325_kpa,"Loschmidt constant (273.15 K, 101.325 kPa)",2.686 780 111... e25,2.686780111e+25,(exact),,m^-3,False,NIST CODATA 2022 allascii parsed by two-or-more-space separation.,2026-06-02T17:49:57+00:00
nist_codata_2022_allascii_raw_benchmark_001.txt,luminous_efficacy,luminous efficacy,683,683.0,(exact),,lm W^-1,False,NIST CODATA 2022 allascii parsed by two-or-more-space separation.,2026-06-02T17:49:57+00:00
nist_codata_2022_allascii_raw_benchmark_001.txt,mag_flux_quantum,mag. flux quantum,2.067 833 848... e-15,2.067833848e-15,(exact),,Wb,False,NIST CODATA 2022 allascii parsed by two-or-more-space separation.,2026-06-02T17:49:57+00:00
nist_codata_2022_allascii_raw_benchmark_001.txt,molar_gas_constant,molar gas constant,8.314 462 618...,8.314462618,(exact),,J mol^-1 K^-1,False,NIST CODATA 2022 allascii parsed by two-or-more-space separation.,2026-06-02T17:49:57+00:00
nist_codata_2022_allascii_raw_benchmark_001.txt,molar_mass_constant,molar mass constant,1.000 000 001 05 e-3,0.00100000000105,0.000 000 000 31 e-3,3.1e-13,kg mol^-1,False,NIST CODATA 2022 allascii parsed by two-or-more-space separation.,2026-06-02T17:49:57+00:00
nist_codata_2022_allascii_raw_benchmark_001.txt,molar_mass_of_carbon_12,molar mass of carbon-12,12.000 000 0126 e-3,0.0120000000126,0.000 000 0037 e-3,3.7e-12,kg mol^-1,False,NIST CODATA 2022 allascii parsed by two-or-more-space separation.,2026-06-02T17:49:57+00:00
nist_codata_2022_allascii_raw_benchmark_001.txt,molar_planck_constant,molar Planck constant,3.990 312 712... e-10,3.990312712e-10,(exact),,J Hz^-1 mol^-1,False,NIST CODATA 2022 allascii parsed by two-or-more-space separation.,2026-06-02T17:49:57+00:00
nist_codata_2022_allascii_raw_benchmark_001.txt,molar_volume_of_ideal_gas_273_15_k_100_kpa,"molar volume of ideal gas (273.15 K, 100 kPa)",22.710 954 64... e-3,0.02271095464,(exact),,m^3 mol^-1,False,NIST CODATA 2022 allascii parsed by two-or-more-space separation.,2026-06-02T17:49:57+00:00
nist_codata_2022_allascii_raw_benchmark_001.txt,molar_volume_of_ideal_gas_273_15_k_101_325_kpa,"molar volume of ideal gas (273.15 K, 101.325 kPa)",22.413 969 54... e-3,0.02241396954,(exact),,m^3 mol^-1,False,NIST CODATA 2022 allascii parsed by two-or-more-space separation.,2026-06-02T17:49:57+00:00
nist_codata_2022_allascii_raw_benchmark_001.txt,molar_volume_of_silicon,molar volume of silicon,1.205 883 199 e-5,1.205883199e-05,0.000 000 060 e-5,6e-13,m^3 mol^-1,False,NIST CODATA 2022 allascii parsed by two-or-more-space separation.,2026-06-02T17:49:57+00:00
nist_codata_2022_allascii_raw_benchmark_001.txt,molybdenum_x_unit,Molybdenum x unit,1.002 099 52 e-13,1.00209952e-13,0.000 000 53 e-13,5.3e-20,m,False,NIST CODATA 2022 allascii parsed by two-or-more-space separation.,2026-06-02T17:49:57+00:00
nist_codata_2022_allascii_raw_benchmark_001.txt,muon_compton_wavelength,muon Compton wavelength,1.173 444 110 e-14,1.17344411e-14,0.000 000 026 e-14,2.6e-22,m,False,NIST CODATA 2022 allascii parsed by two-or-more-space separation.,2026-06-02T17:49:57+00:00
nist_codata_2022_allascii_raw_benchmark_001.txt,muon_electron_mass_ratio,muon-electron mass ratio,206.768 2827,206.7682827,0.000 0046,4.6e-06,,False,NIST CODATA 2022 allascii parsed by two-or-more-space separation.,2026-06-02T17:49:57+00:00
nist_codata_2022_allascii_raw_benchmark_001.txt,muon_g_factor,muon g factor,-2.002 331 841 23,-2.00233184123,0.000 000 000 82,8.2e-10,,False,NIST CODATA 2022 allascii parsed by two-or-more-space separation.,2026-06-02T17:49:57+00:00
nist_codata_2022_allascii_raw_benchmark_001.txt,muon_mag_mom,muon mag. mom.,-4.490 448 30 e-26,-4.4904483e-26,0.000 000 10 e-26,1e-33,J T^-1,False,NIST CODATA 2022 allascii parsed by two-or-more-space separation.,2026-06-02T17:49:57+00:00
nist_codata_2022_allascii_raw_benchmark_001.txt,muon_mag_mom_anomaly,muon mag. mom. anomaly,1.165 920 62 e-3,0.00116592062,0.000 000 41 e-3,4.1e-10,,False,NIST CODATA 2022 allascii parsed by two-or-more-space separation.,2026-06-02T17:49:57+00:00
nist_codata_2022_allascii_raw_benchmark_001.txt,muon_mag_mom_to_bohr_magneton_ratio,muon mag. mom. to Bohr magneton ratio,-4.841 970 48 e-3,-0.00484197048,0.000 000 11 e-3,1.1e-10,,False,NIST CODATA 2022 allascii parsed by two-or-more-space separation.,2026-06-02T17:49:57+00:00
nist_codata_2022_allascii_raw_benchmark_001.txt,muon_mag_mom_to_nuclear_magneton_ratio,muon mag. mom. to nuclear magneton ratio,-8.890 597 04,-8.89059704,0.000 000 20,2e-07,,False,NIST CODATA 2022 allascii parsed by two-or-more-space separation.,2026-06-02T17:49:57+00:00
nist_codata_2022_allascii_raw_benchmark_001.txt,muon_mass,muon mass,1.883 531 627 e-28,1.883531627e-28,0.000 000 042 e-28,4.2e-36,kg,False,NIST CODATA 2022 allascii parsed by two-or-more-space separation.,2026-06-02T17:49:57+00:00
nist_codata_2022_allascii_raw_benchmark_001.txt,muon_mass_energy_equivalent,muon mass energy equivalent,1.692 833 804 e-11,1.692833804e-11,0.000 000 038 e-11,3.8e-19,J,False,NIST CODATA 2022 allascii parsed by two-or-more-space separation.,2026-06-02T17:49:57+00:00
nist_codata_2022_allascii_raw_benchmark_001.txt,muon_mass_energy_equivalent_in_mev,muon mass energy equivalent in MeV,105.658 3755,105.6583755,0.000 0023,2.3e-06,MeV,False,NIST CODATA 2022 allascii parsed by two-or-more-space separation.,2026-06-02T17:49:57+00:00
nist_codata_2022_allascii_raw_benchmark_001.txt,muon_mass_in_u,muon mass in u,0.113 428 9257,0.1134289257,0.000 000 0025,2.5e-09,u,False,NIST CODATA 2022 allascii parsed by two-or-more-space separation.,2026-06-02T17:49:57+00:00
nist_codata_2022_allascii_raw_benchmark_001.txt,muon_molar_mass,muon molar mass,1.134 289 258 e-4,0.0001134289258,0.000 000 025 e-4,2.5e-12,kg mol^-1,False,NIST CODATA 2022 allascii parsed by two-or-more-space separation.,2026-06-02T17:49:57+00:00
nist_codata_2022_allascii_raw_benchmark_001.txt,muon_neutron_mass_ratio,muon-neutron mass ratio,0.112 454 5168,0.1124545168,0.000 000 0025,2.5e-09,,False,NIST CODATA 2022 allascii parsed by two-or-more-space separation.,2026-06-02T17:49:57+00:00
nist_codata_2022_allascii_raw_benchmark_001.txt,muon_proton_mag_mom_ratio,muon-proton mag. mom. ratio,-3.183 345 146,-3.183345146,0.000 000 071,7.1e-08,,False,NIST CODATA 2022 allascii parsed by two-or-more-space separation.,2026-06-02T17:49:57+00:00
nist_codata_2022_allascii_raw_benchmark_001.txt,muon_proton_mass_ratio,muon-proton mass ratio,0.112 609 5262,0.1126095262,0.000 000 0025,2.5e-09,,False,NIST CODATA 2022 allascii parsed by two-or-more-space separation.,2026-06-02T17:49:57+00:00
nist_codata_2022_allascii_raw_benchmark_001.txt,muon_tau_mass_ratio,muon-tau mass ratio,5.946 35 e-2,0.0594635,0.000 40 e-2,4e-06,,False,NIST CODATA 2022 allascii parsed by two-or-more-space separation.,2026-06-02T17:49:57+00:00
nist_codata_2022_allascii_raw_benchmark_001.txt,natural_unit_of_action,natural unit of action,1.054 571 817... e-34,1.054571817e-34,(exact),,J s,False,NIST CODATA 2022 allascii parsed by two-or-more-space separation.,2026-06-02T17:49:57+00:00
nist_codata_2022_allascii_raw_benchmark_001.txt,natural_unit_of_action_in_ev_s,natural unit of action in eV s,6.582 119 569... e-16,6.582119569e-16,(exact),,eV s,False,NIST CODATA 2022 allascii parsed by two-or-more-space separation.,2026-06-02T17:49:57+00:00
nist_codata_2022_allascii_raw_benchmark_001.txt,natural_unit_of_energy,natural unit of energy,8.187 105 7880 e-14,8.187105788e-14,0.000 000 0026 e-14,2.6e-23,J,False,NIST CODATA 2022 allascii parsed by two-or-more-space separation.,2026-06-02T17:49:57+00:00
nist_codata_2022_allascii_raw_benchmark_001.txt,natural_unit_of_energy_in_mev,natural unit of energy in MeV,0.510 998 950 69,0.51099895069,0.000 000 000 16,1.6e-10,MeV,False,NIST CODATA 2022 allascii parsed by two-or-more-space separation.,2026-06-02T17:49:57+00:00
nist_codata_2022_allascii_raw_benchmark_001.txt,natural_unit_of_length,natural unit of length,3.861 592 6744 e-13,3.8615926744e-13,0.000 000 0012 e-13,1.2e-22,m,False,NIST CODATA 2022 allascii parsed by two-or-more-space separation.,2026-06-02T17:49:57+00:00
nist_codata_2022_allascii_raw_benchmark_001.txt,natural_unit_of_mass,natural unit of mass,9.109 383 7139 e-31,9.1093837139e-31,0.000 000 0028 e-31,2.8e-40,kg,False,NIST CODATA 2022 allascii parsed by two-or-more-space separation.,2026-06-02T17:49:57+00:00
nist_codata_2022_allascii_raw_benchmark_001.txt,natural_unit_of_momentum,natural unit of momentum,2.730 924 534 46 e-22,2.73092453446e-22,0.000 000 000 85 e-22,8.5e-32,kg m s^-1,False,NIST CODATA 2022 allascii parsed by two-or-more-space separation.,2026-06-02T17:49:57+00:00
nist_codata_2022_allascii_raw_benchmark_001.txt,natural_unit_of_momentum_in_mev_c,natural unit of momentum in MeV/c,0.510 998 950 69,0.51099895069,0.000 000 000 16,1.6e-10,MeV/c,False,NIST CODATA 2022 allascii parsed by two-or-more-space separation.,2026-06-02T17:49:57+00:00
nist_codata_2022_allascii_raw_benchmark_001.txt,natural_unit_of_time,natural unit of time,1.288 088 666 44 e-21,1.28808866644e-21,0.000 000 000 40 e-21,4e-31,s,False,NIST CODATA 2022 allascii parsed by two-or-more-space separation.,2026-06-02T17:49:57+00:00
nist_codata_2022_allascii_raw_benchmark_001.txt,natural_unit_of_velocity,natural unit of velocity,299 792 458,299792458.0,(exact),,m s^-1,False,NIST CODATA 2022 allascii parsed by two-or-more-space separation.,2026-06-02T17:49:57+00:00
nist_codata_2022_allascii_raw_benchmark_001.txt,neutron_compton_wavelength,neutron Compton wavelength,1.319 590 903 82 e-15,1.31959090382e-15,0.000 000 000 67 e-15,6.7e-25,m,False,NIST CODATA 2022 allascii parsed by two-or-more-space separation.,2026-06-02T17:49:57+00:00
nist_codata_2022_allascii_raw_benchmark_001.txt,neutron_electron_mag_mom_ratio,neutron-electron mag. mom. ratio,1.040 668 84 e-3,0.00104066884,0.000 000 24 e-3,2.4e-10,,False,NIST CODATA 2022 allascii parsed by two-or-more-space separation.,2026-06-02T17:49:57+00:00
nist_codata_2022_allascii_raw_benchmark_001.txt,neutron_electron_mass_ratio,neutron-electron mass ratio,1838.683 662 00,1838.683662,0.000 000 74,7.4e-07,,False,NIST CODATA 2022 allascii parsed by two-or-more-space separation.,2026-06-02T17:49:57+00:00
nist_codata_2022_allascii_raw_benchmark_001.txt,neutron_g_factor,neutron g factor,-3.826 085 52,-3.82608552,0.000 000 90,9e-07,,False,NIST CODATA 2022 allascii parsed by two-or-more-space separation.,2026-06-02T17:49:57+00:00
nist_codata_2022_allascii_raw_benchmark_001.txt,neutron_gyromag_ratio,neutron gyromag. ratio,1.832 471 74 e8,183247174.0,0.000 000 43 e8,43.0,s^-1 T^-1,False,NIST CODATA 2022 allascii parsed by two-or-more-space separation.,2026-06-02T17:49:57+00:00
nist_codata_2022_allascii_raw_benchmark_001.txt,neutron_gyromag_ratio_in_mhz_t,neutron gyromag. ratio in MHz/T,29.164 6935,29.1646935,0.000 0069,6.9e-06,MHz T^-1,False,NIST CODATA 2022 allascii parsed by two-or-more-space separation.,2026-06-02T17:49:57+00:00
nist_codata_2022_allascii_raw_benchmark_001.txt,neutron_mag_mom,neutron mag. mom.,-9.662 3653 e-27,-9.6623653e-27,0.000 0023 e-27,2.3e-33,J T^-1,False,NIST CODATA 2022 allascii parsed by two-or-more-space separation.,2026-06-02T17:49:57+00:00
nist_codata_2022_allascii_raw_benchmark_001.txt,neutron_mag_mom_to_bohr_magneton_ratio,neutron mag. mom. to Bohr magneton ratio,-1.041 875 65 e-3,-0.00104187565,0.000 000 25 e-3,2.5e-10,,False,NIST CODATA 2022 allascii parsed by two-or-more-space separation.,2026-06-02T17:49:57+00:00
nist_codata_2022_allascii_raw_benchmark_001.txt,neutron_mag_mom_to_nuclear_magneton_ratio,neutron mag. mom. to nuclear magneton ratio,-1.913 042 76,-1.91304276,0.000 000 45,4.5e-07,,False,NIST CODATA 2022 allascii parsed by two-or-more-space separation.,2026-06-02T17:49:57+00:00
nist_codata_2022_allascii_raw_benchmark_001.txt,neutron_mass,neutron mass,1.674 927 500 56 e-27,1.67492750056e-27,0.000 000 000 85 e-27,8.5e-37,kg,False,NIST CODATA 2022 allascii parsed by two-or-more-space separation.,2026-06-02T17:49:57+00:00
nist_codata_2022_allascii_raw_benchmark_001.txt,neutron_mass_energy_equivalent,neutron mass energy equivalent,1.505 349 765 14 e-10,1.50534976514e-10,0.000 000 000 76 e-10,7.6e-20,J,False,NIST CODATA 2022 allascii parsed by two-or-more-space separation.,2026-06-02T17:49:57+00:00
nist_codata_2022_allascii_raw_benchmark_001.txt,neutron_mass_energy_equivalent_MeV,neutron mass energy equivalent in MeV,939.565 421 94,939.56542194,0.000 000 48,4.8e-07,MeV,True,NIST CODATA 2022 allascii parsed by two-or-more-space separation.,2026-06-02T17:49:57+00:00
nist_codata_2022_allascii_raw_benchmark_001.txt,neutron_mass_in_u,neutron mass in u,1.008 664 916 06,1.00866491606,0.000 000 000 40,4e-10,u,False,NIST CODATA 2022 allascii parsed by two-or-more-space separation.,2026-06-02T17:49:57+00:00
nist_codata_2022_allascii_raw_benchmark_001.txt,neutron_molar_mass,neutron molar mass,1.008 664 917 12 e-3,0.00100866491712,0.000 000 000 51 e-3,5.1e-13,kg mol^-1,False,NIST CODATA 2022 allascii parsed by two-or-more-space separation.,2026-06-02T17:49:57+00:00
nist_codata_2022_allascii_raw_benchmark_001.txt,neutron_muon_mass_ratio,neutron-muon mass ratio,8.892 484 08,8.89248408,0.000 000 20,2e-07,,False,NIST CODATA 2022 allascii parsed by two-or-more-space separation.,2026-06-02T17:49:57+00:00
nist_codata_2022_allascii_raw_benchmark_001.txt,neutron_proton_mag_mom_ratio,neutron-proton mag. mom. ratio,-0.684 979 35,-0.68497935,0.000 000 16,1.6e-07,,False,NIST CODATA 2022 allascii parsed by two-or-more-space separation.,2026-06-02T17:49:57+00:00
nist_codata_2022_allascii_raw_benchmark_001.txt,neutron_proton_mass_difference,neutron-proton mass difference,2.305 574 61 e-30,2.30557461e-30,0.000 000 67 e-30,6.7e-37,kg,False,NIST CODATA 2022 allascii parsed by two-or-more-space separation.,2026-06-02T17:49:57+00:00
nist_codata_2022_allascii_raw_benchmark_001.txt,neutron_proton_mass_difference_energy_equivalent,neutron-proton mass difference energy equivalent,2.072 147 12 e-13,2.07214712e-13,0.000 000 60 e-13,6e-20,J,False,NIST CODATA 2022 allascii parsed by two-or-more-space separation.,2026-06-02T17:49:57+00:00
nist_codata_2022_allascii_raw_benchmark_001.txt,neutron_proton_mass_difference_energy_equivalent_in_mev,neutron-proton mass difference energy equivalent in MeV,1.293 332 51,1.29333251,0.000 000 38,3.8e-07,MeV,False,NIST CODATA 2022 allascii parsed by two-or-more-space separation.,2026-06-02T17:49:57+00:00
nist_codata_2022_allascii_raw_benchmark_001.txt,neutron_proton_mass_difference_in_u,neutron-proton mass difference in u,1.388 449 48 e-3,0.00138844948,0.000 000 40 e-3,4e-10,u,False,NIST CODATA 2022 allascii parsed by two-or-more-space separation.,2026-06-02T17:49:57+00:00
nist_codata_2022_allascii_raw_benchmark_001.txt,neutron_proton_mass_ratio,neutron-proton mass ratio,1.001 378 419 46,1.00137841946,0.000 000 000 40,4e-10,,False,NIST CODATA 2022 allascii parsed by two-or-more-space separation.,2026-06-02T17:49:57+00:00
nist_codata_2022_allascii_raw_benchmark_001.txt,neutron_relative_atomic_mass,neutron relative atomic mass,1.008 664 916 06,1.00866491606,0.000 000 000 40,4e-10,,False,NIST CODATA 2022 allascii parsed by two-or-more-space separation.,2026-06-02T17:49:57+00:00
nist_codata_2022_allascii_raw_benchmark_001.txt,neutron_tau_mass_ratio,neutron-tau mass ratio,0.528 779,0.528779,0.000 036,3.6e-05,,False,NIST CODATA 2022 allascii parsed by two-or-more-space separation.,2026-06-02T17:49:57+00:00
nist_codata_2022_allascii_raw_benchmark_001.txt,neutron_to_shielded_proton_mag_mom_ratio,neutron to shielded proton mag. mom. ratio,-0.684 996 94,-0.68499694,0.000 000 16,1.6e-07,,False,NIST CODATA 2022 allascii parsed by two-or-more-space separation.,2026-06-02T17:49:57+00:00
nist_codata_2022_allascii_raw_benchmark_001.txt,newtonian_constant_of_gravitation,Newtonian constant of gravitation,6.674 30 e-11,6.6743e-11,0.000 15 e-11,1.5e-15,m^3 kg^-1 s^-2,False,NIST CODATA 2022 allascii parsed by two-or-more-space separation.,2026-06-02T17:49:57+00:00
nist_codata_2022_allascii_raw_benchmark_001.txt,newtonian_constant_of_gravitation_over_h_bar_c,Newtonian constant of gravitation over h-bar c,6.708 83 e-39,6.70883e-39,0.000 15 e-39,1.5e-43,(GeV/c^2)^-2,False,NIST CODATA 2022 allascii parsed by two-or-more-space separation.,2026-06-02T17:49:57+00:00
nist_codata_2022_allascii_raw_benchmark_001.txt,nuclear_magneton,nuclear magneton,5.050 783 7393 e-27,5.0507837393e-27,0.000 000 0016 e-27,1.6e-36,J T^-1,False,NIST CODATA 2022 allascii parsed by two-or-more-space separation.,2026-06-02T17:49:57+00:00
nist_codata_2022_allascii_raw_benchmark_001.txt,nuclear_magneton_in_ev_t,nuclear magneton in eV/T,3.152 451 254 17 e-8,3.15245125417e-08,0.000 000 000 98 e-8,9.8e-18,eV T^-1,False,NIST CODATA 2022 allascii parsed by two-or-more-space separation.,2026-06-02T17:49:57+00:00
nist_codata_2022_allascii_raw_benchmark_001.txt,nuclear_magneton_in_inverse_meter_per_tesla,nuclear magneton in inverse meter per tesla,2.542 623 410 09 e-2,0.0254262341009,0.000 000 000 79 e-2,7.9e-12,m^-1 T^-1,False,NIST CODATA 2022 allascii parsed by two-or-more-space separation.,2026-06-02T17:49:57+00:00
nist_codata_2022_allascii_raw_benchmark_001.txt,nuclear_magneton_in_k_t,nuclear magneton in K/T,3.658 267 7706 e-4,0.00036582677706,0.000 000 0011 e-4,1.1e-13,K T^-1,False,NIST CODATA 2022 allascii parsed by two-or-more-space separation.,2026-06-02T17:49:57+00:00
nist_codata_2022_allascii_raw_benchmark_001.txt,nuclear_magneton_in_mhz_t,nuclear magneton in MHz/T,7.622 593 2188,7.6225932188,0.000 000 0024,2.4e-09,MHz T^-1,False,NIST CODATA 2022 allascii parsed by two-or-more-space separation.,2026-06-02T17:49:57+00:00
nist_codata_2022_allascii_raw_benchmark_001.txt,planck_constant,Planck constant,6.626 070 15 e-34,6.62607015e-34,(exact),,J Hz^-1,True,NIST CODATA 2022 allascii parsed by two-or-more-space separation.,2026-06-02T17:49:57+00:00
nist_codata_2022_allascii_raw_benchmark_001.txt,planck_constant_in_ev_hz,Planck constant in eV/Hz,4.135 667 696... e-15,4.135667696e-15,(exact),,eV Hz^-1,False,NIST CODATA 2022 allascii parsed by two-or-more-space separation.,2026-06-02T17:49:57+00:00
nist_codata_2022_allascii_raw_benchmark_001.txt,planck_length,Planck length,1.616 255 e-35,1.616255e-35,0.000 018 e-35,1.8e-40,m,False,NIST CODATA 2022 allascii parsed by two-or-more-space separation.,2026-06-02T17:49:57+00:00
nist_codata_2022_allascii_raw_benchmark_001.txt,planck_mass,Planck mass,2.176 434 e-8,2.176434e-08,0.000 024 e-8,2.4e-13,kg,False,NIST CODATA 2022 allascii parsed by two-or-more-space separation.,2026-06-02T17:49:57+00:00
nist_codata_2022_allascii_raw_benchmark_001.txt,planck_mass_energy_equivalent_in_gev,Planck mass energy equivalent in GeV,1.220 890 e19,1.22089e+19,0.000 014 e19,140000000000000.0,GeV,False,NIST CODATA 2022 allascii parsed by two-or-more-space separation.,2026-06-02T17:49:57+00:00
nist_codata_2022_allascii_raw_benchmark_001.txt,planck_temperature,Planck temperature,1.416 784 e32,1.416784e+32,0.000 016 e32,1.6e+27,K,False,NIST CODATA 2022 allascii parsed by two-or-more-space separation.,2026-06-02T17:49:57+00:00
nist_codata_2022_allascii_raw_benchmark_001.txt,planck_time,Planck time,5.391 247 e-44,5.391247e-44,0.000 060 e-44,6e-49,s,False,NIST CODATA 2022 allascii parsed by two-or-more-space separation.,2026-06-02T17:49:57+00:00
nist_codata_2022_allascii_raw_benchmark_001.txt,proton_charge_to_mass_quotient,proton charge to mass quotient,9.578 833 1430 e7,95788331.43,0.000 000 0030 e7,0.03,C kg^-1,False,NIST CODATA 2022 allascii parsed by two-or-more-space separation.,2026-06-02T17:49:57+00:00
nist_codata_2022_allascii_raw_benchmark_001.txt,proton_compton_wavelength,proton Compton wavelength,1.321 409 853 60 e-15,1.3214098536e-15,0.000 000 000 41 e-15,4.1e-25,m,False,NIST CODATA 2022 allascii parsed by two-or-more-space separation.,2026-06-02T17:49:57+00:00
nist_codata_2022_allascii_raw_benchmark_001.txt,proton_electron_mass_ratio,proton-electron mass ratio,1836.152 673 426,1836.152673426,0.000 000 032,3.2e-08,,False,NIST CODATA 2022 allascii parsed by two-or-more-space separation.,2026-06-02T17:49:57+00:00
nist_codata_2022_allascii_raw_benchmark_001.txt,proton_g_factor,proton g factor,5.585 694 6893,5.5856946893,0.000 000 0016,1.6e-09,,False,NIST CODATA 2022 allascii parsed by two-or-more-space separation.,2026-06-02T17:49:57+00:00
nist_codata_2022_allascii_raw_benchmark_001.txt,proton_gyromag_ratio,proton gyromag. ratio,2.675 221 8708 e8,267522187.08,0.000 000 0011 e8,0.11,s^-1 T^-1,False,NIST CODATA 2022 allascii parsed by two-or-more-space separation.,2026-06-02T17:49:57+00:00
nist_codata_2022_allascii_raw_benchmark_001.txt,proton_gyromag_ratio_in_mhz_t,proton gyromag. ratio in MHz/T,42.577 478 461,42.577478461,0.000 000 018,1.8e-08,MHz T^-1,False,NIST CODATA 2022 allascii parsed by two-or-more-space separation.,2026-06-02T17:49:57+00:00
nist_codata_2022_allascii_raw_benchmark_001.txt,proton_mag_mom,proton mag. mom.,1.410 606 795 45 e-26,1.41060679545e-26,0.000 000 000 60 e-26,6e-36,J T^-1,False,NIST CODATA 2022 allascii parsed by two-or-more-space separation.,2026-06-02T17:49:57+00:00
nist_codata_2022_allascii_raw_benchmark_001.txt,proton_mag_mom_to_bohr_magneton_ratio,proton mag. mom. to Bohr magneton ratio,1.521 032 202 30 e-3,0.0015210322023,0.000 000 000 45 e-3,4.5e-13,,False,NIST CODATA 2022 allascii parsed by two-or-more-space separation.,2026-06-02T17:49:57+00:00
nist_codata_2022_allascii_raw_benchmark_001.txt,proton_mag_mom_to_nuclear_magneton_ratio,proton mag. mom. to nuclear magneton ratio,2.792 847 344 63,2.79284734463,0.000 000 000 82,8.2e-10,,False,NIST CODATA 2022 allascii parsed by two-or-more-space separation.,2026-06-02T17:49:57+00:00
nist_codata_2022_allascii_raw_benchmark_001.txt,proton_mag_shielding_correction,proton mag. shielding correction,2.567 15 e-5,2.56715e-05,0.000 41 e-5,4.1e-09,,False,NIST CODATA 2022 allascii parsed by two-or-more-space separation.,2026-06-02T17:49:57+00:00
nist_codata_2022_allascii_raw_benchmark_001.txt,proton_mass,proton mass,1.672 621 925 95 e-27,1.67262192595e-27,0.000 000 000 52 e-27,5.2e-37,kg,False,NIST CODATA 2022 allascii parsed by two-or-more-space separation.,2026-06-02T17:49:57+00:00
nist_codata_2022_allascii_raw_benchmark_001.txt,proton_mass_energy_equivalent,proton mass energy equivalent,1.503 277 618 02 e-10,1.50327761802e-10,0.000 000 000 47 e-10,4.7e-20,J,False,NIST CODATA 2022 allascii parsed by two-or-more-space separation.,2026-06-02T17:49:57+00:00
nist_codata_2022_allascii_raw_benchmark_001.txt,proton_mass_energy_equivalent_MeV,proton mass energy equivalent in MeV,938.272 089 43,938.27208943,0.000 000 29,2.9e-07,MeV,True,NIST CODATA 2022 allascii parsed by two-or-more-space separation.,2026-06-02T17:49:57+00:00
nist_codata_2022_allascii_raw_benchmark_001.txt,proton_mass_in_u,proton mass in u,1.007 276 466 5789,1.0072764665789,0.000 000 000 0083,8.3e-12,u,False,NIST CODATA 2022 allascii parsed by two-or-more-space separation.,2026-06-02T17:49:57+00:00
nist_codata_2022_allascii_raw_benchmark_001.txt,proton_molar_mass,proton molar mass,1.007 276 467 64 e-3,0.00100727646764,0.000 000 000 31 e-3,3.1e-13,kg mol^-1,False,NIST CODATA 2022 allascii parsed by two-or-more-space separation.,2026-06-02T17:49:57+00:00
nist_codata_2022_allascii_raw_benchmark_001.txt,proton_muon_mass_ratio,proton-muon mass ratio,8.880 243 38,8.88024338,0.000 000 20,2e-07,,False,NIST CODATA 2022 allascii parsed by two-or-more-space separation.,2026-06-02T17:49:57+00:00
nist_codata_2022_allascii_raw_benchmark_001.txt,proton_neutron_mag_mom_ratio,proton-neutron mag. mom. ratio,-1.459 898 02,-1.45989802,0.000 000 34,3.4e-07,,False,NIST CODATA 2022 allascii parsed by two-or-more-space separation.,2026-06-02T17:49:57+00:00
nist_codata_2022_allascii_raw_benchmark_001.txt,proton_neutron_mass_ratio,proton-neutron mass ratio,0.998 623 477 97,0.99862347797,0.000 000 000 40,4e-10,,False,NIST CODATA 2022 allascii parsed by two-or-more-space separation.,2026-06-02T17:49:57+00:00
nist_codata_2022_allascii_raw_benchmark_001.txt,proton_relative_atomic_mass,proton relative atomic mass,1.007 276 466 5789,1.0072764665789,0.000 000 000 0083,8.3e-12,,False,NIST CODATA 2022 allascii parsed by two-or-more-space separation.,2026-06-02T17:49:57+00:00
nist_codata_2022_allascii_raw_benchmark_001.txt,proton_rms_charge_radius,proton rms charge radius,8.4075 e-16,8.4075e-16,0.0064 e-16,6.4e-19,m,False,NIST CODATA 2022 allascii parsed by two-or-more-space separation.,2026-06-02T17:49:57+00:00
nist_codata_2022_allascii_raw_benchmark_001.txt,proton_tau_mass_ratio,proton-tau mass ratio,0.528 051,0.528051,0.000 036,3.6e-05,,False,NIST CODATA 2022 allascii parsed by two-or-more-space separation.,2026-06-02T17:49:57+00:00
nist_codata_2022_allascii_raw_benchmark_001.txt,quantum_of_circulation,quantum of circulation,3.636 947 5467 e-4,0.00036369475467,0.000 000 0011 e-4,1.1e-13,m^2 s^-1,False,NIST CODATA 2022 allascii parsed by two-or-more-space separation.,2026-06-02T17:49:57+00:00
nist_codata_2022_allascii_raw_benchmark_001.txt,quantum_of_circulation_times_2,quantum of circulation times 2,7.273 895 0934 e-4,0.00072738950934,0.000 000 0023 e-4,2.3e-13,m^2 s^-1,False,NIST CODATA 2022 allascii parsed by two-or-more-space separation.,2026-06-02T17:49:57+00:00
nist_codata_2022_allascii_raw_benchmark_001.txt,reduced_compton_wavelength,reduced Compton wavelength,3.861 592 6744 e-13,3.8615926744e-13,0.000 000 0012 e-13,1.2e-22,m,False,NIST CODATA 2022 allascii parsed by two-or-more-space separation.,2026-06-02T17:49:57+00:00
nist_codata_2022_allascii_raw_benchmark_001.txt,reduced_muon_compton_wavelength,reduced muon Compton wavelength,1.867 594 306 e-15,1.867594306e-15,0.000 000 042 e-15,4.2e-23,m,False,NIST CODATA 2022 allascii parsed by two-or-more-space separation.,2026-06-02T17:49:57+00:00
nist_codata_2022_allascii_raw_benchmark_001.txt,reduced_neutron_compton_wavelength,reduced neutron Compton wavelength,2.100 194 1520 e-16,2.100194152e-16,0.000 000 0011 e-16,1.1e-25,m,False,NIST CODATA 2022 allascii parsed by two-or-more-space separation.,2026-06-02T17:49:57+00:00
nist_codata_2022_allascii_raw_benchmark_001.txt,reduced_planck_constant,reduced Planck constant,1.054 571 817... e-34,1.054571817e-34,(exact),,J s,True,NIST CODATA 2022 allascii parsed by two-or-more-space separation.,2026-06-02T17:49:57+00:00
nist_codata_2022_allascii_raw_benchmark_001.txt,reduced_planck_constant_in_ev_s,reduced Planck constant in eV s,6.582 119 569... e-16,6.582119569e-16,(exact),,eV s,False,NIST CODATA 2022 allascii parsed by two-or-more-space separation.,2026-06-02T17:49:57+00:00
nist_codata_2022_allascii_raw_benchmark_001.txt,reduced_planck_constant_times_c_in_mev_fm,reduced Planck constant times c in MeV fm,197.326 980 4...,197.3269804,(exact),,MeV fm,False,NIST CODATA 2022 allascii parsed by two-or-more-space separation.,2026-06-02T17:49:57+00:00
nist_codata_2022_allascii_raw_benchmark_001.txt,reduced_proton_compton_wavelength,reduced proton Compton wavelength,2.103 089 100 51 e-16,2.10308910051e-16,0.000 000 000 66 e-16,6.6e-26,m,False,NIST CODATA 2022 allascii parsed by two-or-more-space separation.,2026-06-02T17:49:57+00:00
nist_codata_2022_allascii_raw_benchmark_001.txt,reduced_tau_compton_wavelength,reduced tau Compton wavelength,1.110 538 e-16,1.110538e-16,0.000 075 e-16,7.5e-21,m,False,NIST CODATA 2022 allascii parsed by two-or-more-space separation.,2026-06-02T17:49:57+00:00
nist_codata_2022_allascii_raw_benchmark_001.txt,rydberg_constant,Rydberg constant,10 973 731.568 157,10973731.568157,0.000 012,1.2e-05,m^-1,False,NIST CODATA 2022 allascii parsed by two-or-more-space separation.,2026-06-02T17:49:57+00:00
nist_codata_2022_allascii_raw_benchmark_001.txt,rydberg_constant_times_c_in_hz,Rydberg constant times c in Hz,3.289 841 960 2500 e15,3289841960250000.0,0.000 000 000 0036 e15,3600.0,Hz,False,NIST CODATA 2022 allascii parsed by two-or-more-space separation.,2026-06-02T17:49:57+00:00
nist_codata_2022_allascii_raw_benchmark_001.txt,rydberg_constant_times_hc_in_ev,Rydberg constant times hc in eV,13.605 693 122 990,13.60569312299,0.000 000 000 015,1.5e-11,eV,False,NIST CODATA 2022 allascii parsed by two-or-more-space separation.,2026-06-02T17:49:57+00:00
nist_codata_2022_allascii_raw_benchmark_001.txt,rydberg_constant_times_hc_in_j,Rydberg constant times hc in J,2.179 872 361 1030 e-18,2.179872361103e-18,0.000 000 000 0024 e-18,2.4e-30,J,False,NIST CODATA 2022 allascii parsed by two-or-more-space separation.,2026-06-02T17:49:57+00:00
nist_codata_2022_allascii_raw_benchmark_001.txt,sackur_tetrode_constant_1_k_100_kpa,"Sackur-Tetrode constant (1 K, 100 kPa)",-1.151 707 534 96,-1.15170753496,0.000 000 000 47,4.7e-10,,False,NIST CODATA 2022 allascii parsed by two-or-more-space separation.,2026-06-02T17:49:57+00:00
nist_codata_2022_allascii_raw_benchmark_001.txt,sackur_tetrode_constant_1_k_101_325_kpa,"Sackur-Tetrode constant (1 K, 101.325 kPa)",-1.164 870 521 49,-1.16487052149,0.000 000 000 47,4.7e-10,,False,NIST CODATA 2022 allascii parsed by two-or-more-space separation.,2026-06-02T17:49:57+00:00
nist_codata_2022_allascii_raw_benchmark_001.txt,second_radiation_constant,second radiation constant,1.438 776 877... e-2,0.01438776877,(exact),,m K,False,NIST CODATA 2022 allascii parsed by two-or-more-space separation.,2026-06-02T17:49:57+00:00
nist_codata_2022_allascii_raw_benchmark_001.txt,shielded_helion_gyromag_ratio,shielded helion gyromag. ratio,2.037 894 6078 e8,203789460.78,0.000 000 0018 e8,0.18,s^-1 T^-1,False,NIST CODATA 2022 allascii parsed by two-or-more-space separation.,2026-06-02T17:49:57+00:00
nist_codata_2022_allascii_raw_benchmark_001.txt,shielded_helion_gyromag_ratio_in_mhz_t,shielded helion gyromag. ratio in MHz/T,32.434 100 033,32.434100033,0.000 000 028,2.8e-08,MHz T^-1,False,NIST CODATA 2022 allascii parsed by two-or-more-space separation.,2026-06-02T17:49:57+00:00
nist_codata_2022_allascii_raw_benchmark_001.txt,shielded_helion_mag_mom,shielded helion mag. mom.,-1.074 553 110 35 e-26,-1.07455311035e-26,0.000 000 000 93 e-26,9.3e-36,J T^-1,False,NIST CODATA 2022 allascii parsed by two-or-more-space separation.,2026-06-02T17:49:57+00:00
nist_codata_2022_allascii_raw_benchmark_001.txt,shielded_helion_mag_mom_to_bohr_magneton_ratio,shielded helion mag. mom. to Bohr magneton ratio,-1.158 671 494 57 e-3,-0.00115867149457,0.000 000 000 94 e-3,9.4e-13,,False,NIST CODATA 2022 allascii parsed by two-or-more-space separation.,2026-06-02T17:49:57+00:00
nist_codata_2022_allascii_raw_benchmark_001.txt,shielded_helion_mag_mom_to_nuclear_magneton_ratio,shielded helion mag. mom. to nuclear magneton ratio,-2.127 497 7624,-2.1274977624,0.000 000 0017,1.7e-09,,False,NIST CODATA 2022 allascii parsed by two-or-more-space separation.,2026-06-02T17:49:57+00:00
nist_codata_2022_allascii_raw_benchmark_001.txt,shielded_helion_to_proton_mag_mom_ratio,shielded helion to proton mag. mom. ratio,-0.761 766 577 21,-0.76176657721,0.000 000 000 66,6.6e-10,,False,NIST CODATA 2022 allascii parsed by two-or-more-space separation.,2026-06-02T17:49:57+00:00
nist_codata_2022_allascii_raw_benchmark_001.txt,shielded_helion_to_shielded_proton_mag_mom_ratio,shielded helion to shielded proton mag. mom. ratio,-0.761 786 1334,-0.7617861334,0.000 000 0031,3.1e-09,,False,NIST CODATA 2022 allascii parsed by two-or-more-space separation.,2026-06-02T17:49:57+00:00
nist_codata_2022_allascii_raw_benchmark_001.txt,shielded_proton_gyromag_ratio,shielded proton gyromag. ratio,2.675 153 194 e8,267515319.4,0.000 000 011 e8,1.1,s^-1 T^-1,False,NIST CODATA 2022 allascii parsed by two-or-more-space separation.,2026-06-02T17:49:57+00:00
nist_codata_2022_allascii_raw_benchmark_001.txt,shielded_proton_gyromag_ratio_in_mhz_t,shielded proton gyromag. ratio in MHz/T,42.576 385 43,42.57638543,0.000 000 17,1.7e-07,MHz T^-1,False,NIST CODATA 2022 allascii parsed by two-or-more-space separation.,2026-06-02T17:49:57+00:00
nist_codata_2022_allascii_raw_benchmark_001.txt,shielded_proton_mag_mom,shielded proton mag. mom.,1.410 570 5830 e-26,1.410570583e-26,0.000 000 0058 e-26,5.8e-35,J T^-1,False,NIST CODATA 2022 allascii parsed by two-or-more-space separation.,2026-06-02T17:49:57+00:00
nist_codata_2022_allascii_raw_benchmark_001.txt,shielded_proton_mag_mom_to_bohr_magneton_ratio,shielded proton mag. mom. to Bohr magneton ratio,1.520 993 1551 e-3,0.0015209931551,0.000 000 0062 e-3,6.2e-12,,False,NIST CODATA 2022 allascii parsed by two-or-more-space separation.,2026-06-02T17:49:57+00:00
nist_codata_2022_allascii_raw_benchmark_001.txt,shielded_proton_mag_mom_to_nuclear_magneton_ratio,shielded proton mag. mom. to nuclear magneton ratio,2.792 775 648,2.792775648,0.000 000 011,1.1e-08,,False,NIST CODATA 2022 allascii parsed by two-or-more-space separation.,2026-06-02T17:49:57+00:00
nist_codata_2022_allascii_raw_benchmark_001.txt,shielding_difference_of_d_and_p_in_hd,shielding difference of d and p in HD,1.987 70 e-8,1.9877e-08,0.000 10 e-8,1e-12,,False,NIST CODATA 2022 allascii parsed by two-or-more-space separation.,2026-06-02T17:49:57+00:00
nist_codata_2022_allascii_raw_benchmark_001.txt,shielding_difference_of_t_and_p_in_ht,shielding difference of t and p in HT,2.394 50 e-8,2.3945e-08,0.000 20 e-8,2e-12,,False,NIST CODATA 2022 allascii parsed by two-or-more-space separation.,2026-06-02T17:49:57+00:00
nist_codata_2022_allascii_raw_benchmark_001.txt,speed_of_light,speed of light in vacuum,299 792 458,299792458.0,(exact),,m s^-1,True,NIST CODATA 2022 allascii parsed by two-or-more-space separation.,2026-06-02T17:49:57+00:00
nist_codata_2022_allascii_raw_benchmark_001.txt,standard_acceleration_of_gravity,standard acceleration of gravity,9.806 65,9.80665,(exact),,m s^-2,False,NIST CODATA 2022 allascii parsed by two-or-more-space separation.,2026-06-02T17:49:57+00:00
nist_codata_2022_allascii_raw_benchmark_001.txt,standard_atmosphere,standard atmosphere,101 325,101325.0,(exact),,Pa,False,NIST CODATA 2022 allascii parsed by two-or-more-space separation.,2026-06-02T17:49:57+00:00
nist_codata_2022_allascii_raw_benchmark_001.txt,standard_state_pressure,standard-state pressure,100 000,100000.0,(exact),,Pa,False,NIST CODATA 2022 allascii parsed by two-or-more-space separation.,2026-06-02T17:49:57+00:00
nist_codata_2022_allascii_raw_benchmark_001.txt,stefan_boltzmann_constant,Stefan-Boltzmann constant,5.670 374 419... e-8,5.670374419e-08,(exact),,W m^-2 K^-4,False,NIST CODATA 2022 allascii parsed by two-or-more-space separation.,2026-06-02T17:49:57+00:00
nist_codata_2022_allascii_raw_benchmark_001.txt,tau_compton_wavelength,tau Compton wavelength,6.977 71 e-16,6.97771e-16,0.000 47 e-16,4.7e-20,m,False,NIST CODATA 2022 allascii parsed by two-or-more-space separation.,2026-06-02T17:49:57+00:00
nist_codata_2022_allascii_raw_benchmark_001.txt,tau_electron_mass_ratio,tau-electron mass ratio,3477.23,3477.23,0.23,0.23,,False,NIST CODATA 2022 allascii parsed by two-or-more-space separation.,2026-06-02T17:49:57+00:00
nist_codata_2022_allascii_raw_benchmark_001.txt,tau_energy_equivalent,tau energy equivalent,1776.86,1776.86,0.12,0.12,MeV,False,NIST CODATA 2022 allascii parsed by two-or-more-space separation.,2026-06-02T17:49:57+00:00
nist_codata_2022_allascii_raw_benchmark_001.txt,tau_mass,tau mass,3.167 54 e-27,3.16754e-27,0.000 21 e-27,2.1e-31,kg,False,NIST CODATA 2022 allascii parsed by two-or-more-space separation.,2026-06-02T17:49:57+00:00
nist_codata_2022_allascii_raw_benchmark_001.txt,tau_mass_energy_equivalent,tau mass energy equivalent,2.846 84 e-10,2.84684e-10,0.000 19 e-10,1.9e-14,J,False,NIST CODATA 2022 allascii parsed by two-or-more-space separation.,2026-06-02T17:49:57+00:00
nist_codata_2022_allascii_raw_benchmark_001.txt,tau_mass_in_u,tau mass in u,1.907 54,1.90754,0.000 13,0.00013,u,False,NIST CODATA 2022 allascii parsed by two-or-more-space separation.,2026-06-02T17:49:57+00:00
nist_codata_2022_allascii_raw_benchmark_001.txt,tau_molar_mass,tau molar mass,1.907 54 e-3,0.00190754,0.000 13 e-3,1.3e-07,kg mol^-1,False,NIST CODATA 2022 allascii parsed by two-or-more-space separation.,2026-06-02T17:49:57+00:00
nist_codata_2022_allascii_raw_benchmark_001.txt,tau_muon_mass_ratio,tau-muon mass ratio,16.8170,16.817,0.0011,0.0011,,False,NIST CODATA 2022 allascii parsed by two-or-more-space separation.,2026-06-02T17:49:57+00:00
nist_codata_2022_allascii_raw_benchmark_001.txt,tau_neutron_mass_ratio,tau-neutron mass ratio,1.891 15,1.89115,0.000 13,0.00013,,False,NIST CODATA 2022 allascii parsed by two-or-more-space separation.,2026-06-02T17:49:57+00:00
nist_codata_2022_allascii_raw_benchmark_001.txt,tau_proton_mass_ratio,tau-proton mass ratio,1.893 76,1.89376,0.000 13,0.00013,,False,NIST CODATA 2022 allascii parsed by two-or-more-space separation.,2026-06-02T17:49:57+00:00
nist_codata_2022_allascii_raw_benchmark_001.txt,thomson_cross_section,Thomson cross section,6.652 458 7051 e-29,6.6524587051e-29,0.000 000 0062 e-29,6.2e-38,m^2,False,NIST CODATA 2022 allascii parsed by two-or-more-space separation.,2026-06-02T17:49:57+00:00
nist_codata_2022_allascii_raw_benchmark_001.txt,triton_electron_mass_ratio,triton-electron mass ratio,5496.921 535 51,5496.92153551,0.000 000 21,2.1e-07,,False,NIST CODATA 2022 allascii parsed by two-or-more-space separation.,2026-06-02T17:49:57+00:00
nist_codata_2022_allascii_raw_benchmark_001.txt,triton_g_factor,triton g factor,5.957 924 930,5.95792493,0.000 000 012,1.2e-08,,False,NIST CODATA 2022 allascii parsed by two-or-more-space separation.,2026-06-02T17:49:57+00:00
nist_codata_2022_allascii_raw_benchmark_001.txt,triton_mag_mom,triton mag. mom.,1.504 609 5178 e-26,1.5046095178e-26,0.000 000 0030 e-26,3e-35,J T^-1,False,NIST CODATA 2022 allascii parsed by two-or-more-space separation.,2026-06-02T17:49:57+00:00
nist_codata_2022_allascii_raw_benchmark_001.txt,triton_mag_mom_to_bohr_magneton_ratio,triton mag. mom. to Bohr magneton ratio,1.622 393 6648 e-3,0.0016223936648,0.000 000 0032 e-3,3.2e-12,,False,NIST CODATA 2022 allascii parsed by two-or-more-space separation.,2026-06-02T17:49:57+00:00
nist_codata_2022_allascii_raw_benchmark_001.txt,triton_mag_mom_to_nuclear_magneton_ratio,triton mag. mom. to nuclear magneton ratio,2.978 962 4650,2.978962465,0.000 000 0059,5.9e-09,,False,NIST CODATA 2022 allascii parsed by two-or-more-space separation.,2026-06-02T17:49:57+00:00
nist_codata_2022_allascii_raw_benchmark_001.txt,triton_mass,triton mass,5.007 356 7512 e-27,5.0073567512e-27,0.000 000 0016 e-27,1.6e-36,kg,False,NIST CODATA 2022 allascii parsed by two-or-more-space separation.,2026-06-02T17:49:57+00:00
nist_codata_2022_allascii_raw_benchmark_001.txt,triton_mass_energy_equivalent,triton mass energy equivalent,4.500 387 8119 e-10,4.5003878119e-10,0.000 000 0014 e-10,1.4e-19,J,False,NIST CODATA 2022 allascii parsed by two-or-more-space separation.,2026-06-02T17:49:57+00:00
nist_codata_2022_allascii_raw_benchmark_001.txt,triton_mass_energy_equivalent_in_mev,triton mass energy equivalent in MeV,2808.921 136 68,2808.92113668,0.000 000 88,8.8e-07,MeV,False,NIST CODATA 2022 allascii parsed by two-or-more-space separation.,2026-06-02T17:49:57+00:00
nist_codata_2022_allascii_raw_benchmark_001.txt,triton_mass_in_u,triton mass in u,3.015 500 715 97,3.01550071597,0.000 000 000 10,1e-10,u,False,NIST CODATA 2022 allascii parsed by two-or-more-space separation.,2026-06-02T17:49:57+00:00
nist_codata_2022_allascii_raw_benchmark_001.txt,triton_molar_mass,triton molar mass,3.015 500 719 13 e-3,0.00301550071913,0.000 000 000 94 e-3,9.4e-13,kg mol^-1,False,NIST CODATA 2022 allascii parsed by two-or-more-space separation.,2026-06-02T17:49:57+00:00
nist_codata_2022_allascii_raw_benchmark_001.txt,triton_proton_mass_ratio,triton-proton mass ratio,2.993 717 034 03,2.99371703403,0.000 000 000 10,1e-10,,False,NIST CODATA 2022 allascii parsed by two-or-more-space separation.,2026-06-02T17:49:57+00:00
nist_codata_2022_allascii_raw_benchmark_001.txt,triton_relative_atomic_mass,triton relative atomic mass,3.015 500 715 97,3.01550071597,0.000 000 000 10,1e-10,,False,NIST CODATA 2022 allascii parsed by two-or-more-space separation.,2026-06-02T17:49:57+00:00
nist_codata_2022_allascii_raw_benchmark_001.txt,triton_to_proton_mag_mom_ratio,triton to proton mag. mom. ratio,1.066 639 9189,1.0666399189,0.000 000 0021,2.1e-09,,False,NIST CODATA 2022 allascii parsed by two-or-more-space separation.,2026-06-02T17:49:57+00:00
nist_codata_2022_allascii_raw_benchmark_001.txt,unified_atomic_mass_unit,unified atomic mass unit,1.660 539 068 92 e-27,1.66053906892e-27,0.000 000 000 52 e-27,5.2e-37,kg,False,NIST CODATA 2022 allascii parsed by two-or-more-space separation.,2026-06-02T17:49:57+00:00
nist_codata_2022_allascii_raw_benchmark_001.txt,vacuum_electric_permittivity,vacuum electric permittivity,8.854 187 8188 e-12,8.8541878188e-12,0.000 000 0014 e-12,1.4e-21,F m^-1,False,NIST CODATA 2022 allascii parsed by two-or-more-space separation.,2026-06-02T17:49:57+00:00
nist_codata_2022_allascii_raw_benchmark_001.txt,vacuum_mag_permeability,vacuum mag. permeability,1.256 637 061 27 e-6,1.25663706127e-06,0.000 000 000 20 e-6,2e-16,N A^-2,False,NIST CODATA 2022 allascii parsed by two-or-more-space separation.,2026-06-02T17:49:57+00:00
nist_codata_2022_allascii_raw_benchmark_001.txt,von_klitzing_constant,von Klitzing constant,25 812.807 45...,25812.80745,(exact),,ohm,False,NIST CODATA 2022 allascii parsed by two-or-more-space separation.,2026-06-02T17:49:57+00:00
nist_codata_2022_allascii_raw_benchmark_001.txt,weak_mixing_angle,weak mixing angle,0.223 05,0.22305,0.000 23,0.00023,,False,NIST CODATA 2022 allascii parsed by two-or-more-space separation.,2026-06-02T17:49:57+00:00
nist_codata_2022_allascii_raw_benchmark_001.txt,wien_frequency_displacement_law_constant,Wien frequency displacement law constant,5.878 925 757... e10,58789257570.0,(exact),,Hz K^-1,False,NIST CODATA 2022 allascii parsed by two-or-more-space separation.,2026-06-02T17:49:57+00:00
nist_codata_2022_allascii_raw_benchmark_001.txt,wien_wavelength_displacement_law_constant,Wien wavelength displacement law constant,2.897 771 955... e-3,0.002897771955,(exact),,m K,False,NIST CODATA 2022 allascii parsed by two-or-more-space separation.,2026-06-02T17:49:57+00:00
nist_codata_2022_allascii_raw_benchmark_001.txt,w_to_z_mass_ratio,W to Z mass ratio,0.881 45,0.88145,0.000 13,0.00013,,False,NIST CODATA 2022 allascii parsed by two-or-more-space separation.,2026-06-02T17:49:57+00:00
