source_id,mc_id_1,mc_id_2,mc_id_3,mc_id_4,particle_name_raw,particle_name_norm,mass_GeV_c2,mass_MeV_c2,mass_pos_error_GeV_c2,mass_pos_error_MeV_c2,mass_neg_error_GeV_c2,mass_neg_error_MeV_c2,width_GeV,width_MeV,width_pos_error_GeV,width_pos_error_MeV,width_neg_error_GeV,width_neg_error_MeV,unit_assumption,raw_line,cleaned_utc
PDG_MASS_WIDTH_2025,21,,,,g 0,g 0,0,0,0,0,-0,-0,0,0,0,0,-0,-0,PDG mass_width raw mass and width values treated as GeV; converted to MeV by multiplying by 1000.,21                          0.E+00            +0.0E+00 -0.0E+00  0.E+00            +0.0E+00 -0.0E+00 g                   0,2026-06-01T21:38:11+00:00
PDG_MASS_WIDTH_2025,22,,,,gamma 0,gamma 0,0,0,0,0,-0,-0,0,0,0,0,-0,-0,PDG mass_width raw mass and width values treated as GeV; converted to MeV by multiplying by 1000.,22                          0.E+00            +0.0E+00 -0.0E+00  0.E+00            +0.0E+00 -0.0E+00 gamma               0,2026-06-01T21:38:11+00:00
PDG_MASS_WIDTH_2025,24,,,,W +,w +,80.369,80369,0.013,13,-0.013,-13,2.14,2140,0.05,50,-0.05,-50,PDG mass_width raw mass and width values treated as GeV; converted to MeV by multiplying by 1000.,24                          8.0369E+01        +1.3E-02 -1.3E-02  2.14E+00          +5.0E-02 -5.0E-02 W                   +,2026-06-01T21:38:11+00:00
PDG_MASS_WIDTH_2025,23,,,,Z 0,z 0,91.188,91188,0.002,2,-0.002,-2,2.4955,2495.5,0.0023,2.3,-0.0023,-2.3,PDG mass_width raw mass and width values treated as GeV; converted to MeV by multiplying by 1000.,23                          9.11880E+01       +2.0E-03 -2.0E-03  2.4955E+00        +2.3E-03 -2.3E-03 Z                   0,2026-06-01T21:38:11+00:00
PDG_MASS_WIDTH_2025,25,,,,H 0,h 0,125.2,125200,0.11,110,-0.11,-110,0.0037,3.7,0.0019,1.9,-0.0014,-1.4,PDG mass_width raw mass and width values treated as GeV; converted to MeV by multiplying by 1000.,25                          1.2520E+02        +1.1E-01 -1.1E-01  3.7E-03           +1.9E-03 -1.4E-03 H                   0,2026-06-01T21:38:11+00:00
PDG_MASS_WIDTH_2025,11,,,,e -,e -,0.00051099895,0.51099895,1.5e-13,1.5e-10,-1.5e-13,-1.5e-10,0,0,0,0,-0,-0,PDG mass_width raw mass and width values treated as GeV; converted to MeV by multiplying by 1000.,11                          5.1099895000E-04  +1.5E-13 -1.5E-13  0.E+00            +0.0E+00 -0.0E+00 e                   -,2026-06-01T21:38:11+00:00
PDG_MASS_WIDTH_2025,12,,,,nu(e) 0,nu(e) 0,,,,,,,,,,,,,PDG mass_width raw mass and width values treated as GeV; converted to MeV by multiplying by 1000.,12                                                                                                   nu(e)               0,2026-06-01T21:38:11+00:00
PDG_MASS_WIDTH_2025,13,,,,mu -,mu -,0.1056583755,105.6583755,2.3e-09,2.3e-06,-2.3e-09,-2.3e-06,2.9959836e-19,2.9959836e-16,3e-25,3e-22,-3e-25,-3e-22,PDG mass_width raw mass and width values treated as GeV; converted to MeV by multiplying by 1000.,13                          1.056583755E-01   +2.3E-09 -2.3E-09  2.9959836E-19     +3.0E-25 -3.0E-25 mu                  -,2026-06-01T21:38:11+00:00
PDG_MASS_WIDTH_2025,14,,,,nu(mu) 0,nu(mu) 0,,,,,,,,,,,,,PDG mass_width raw mass and width values treated as GeV; converted to MeV by multiplying by 1000.,14                                                                                                   nu(mu)              0,2026-06-01T21:38:11+00:00
PDG_MASS_WIDTH_2025,15,,,,tau -,tau -,1.77693,1776.93,9e-05,0.09,-9e-05,-0.09,2.267e-12,2.267e-09,4e-15,4e-12,-4e-15,-4e-12,PDG mass_width raw mass and width values treated as GeV; converted to MeV by multiplying by 1000.,15                          1.77693E+00       +9.0E-05 -9.0E-05  2.267E-12         +4.0E-15 -4.0E-15 tau                 -,2026-06-01T21:38:11+00:00
PDG_MASS_WIDTH_2025,16,,,,nu(tau) 0,nu(tau) 0,,,,,,,,,,,,,PDG mass_width raw mass and width values treated as GeV; converted to MeV by multiplying by 1000.,16                                                                                                   nu(tau)             0,2026-06-01T21:38:11+00:00
PDG_MASS_WIDTH_2025,2,,,,u +2/3,u +2/3,0.00216,2.16,7e-05,0.07,-7e-05,-0.07,,,,,,,PDG mass_width raw mass and width values treated as GeV; converted to MeV by multiplying by 1000.,2                          2.16E-03          +7.0E-05 -7.0E-05                                      u                +2/3,2026-06-01T21:38:11+00:00
PDG_MASS_WIDTH_2025,1,,,,d -1/3,d -1/3,0.0047,4.7,7e-05,0.07,-7e-05,-0.07,,,,,,,PDG mass_width raw mass and width values treated as GeV; converted to MeV by multiplying by 1000.,1                          4.70E-03          +7.0E-05 -7.0E-05                                      d                -1/3,2026-06-01T21:38:11+00:00
PDG_MASS_WIDTH_2025,3,,,,s -1/3,s -1/3,0.0935,93.5,0.0008,0.8,-0.0008,-0.8,,,,,,,PDG mass_width raw mass and width values treated as GeV; converted to MeV by multiplying by 1000.,3                          9.35E-02          +8.0E-04 -8.0E-04                                      s                -1/3,2026-06-01T21:38:11+00:00
PDG_MASS_WIDTH_2025,4,,,,c +2/3,c +2/3,1.273,1273,0.005,5,-0.005,-5,,,,,,,PDG mass_width raw mass and width values treated as GeV; converted to MeV by multiplying by 1000.,4                          1.273E+00         +5.0E-03 -5.0E-03                                      c                +2/3,2026-06-01T21:38:11+00:00
PDG_MASS_WIDTH_2025,5,,,,b -1/3,b -1/3,4.183,4183,0.007,7,-0.007,-7,,,,,,,PDG mass_width raw mass and width values treated as GeV; converted to MeV by multiplying by 1000.,5                          4.183E+00         +7.0E-03 -7.0E-03                                      b                -1/3,2026-06-01T21:38:11+00:00
PDG_MASS_WIDTH_2025,6,,,,t +2/3,t +2/3,172.56,172560,0.31,310,-0.31,-310,1.42,1420,0.19,190,-0.15,-150,PDG mass_width raw mass and width values treated as GeV; converted to MeV by multiplying by 1000.,6                          1.7256E+02        +3.1E-01 -3.1E-01  1.42E+00          +1.9E-01 -1.5E-01 t                +2/3,2026-06-01T21:38:11+00:00
PDG_MASS_WIDTH_2025,211,,,,pi +,pi +,0.13957039,139.57039,1.8e-07,0.00018,-1.8e-07,-0.00018,2.5284e-17,2.5284e-14,5e-21,5e-18,-5e-21,-5e-18,PDG mass_width raw mass and width values treated as GeV; converted to MeV by multiplying by 1000.,211                          1.3957039E-01     +1.8E-07 -1.8E-07  2.5284E-17        +5.0E-21 -5.0E-21 pi                  +,2026-06-01T21:38:11+00:00
PDG_MASS_WIDTH_2025,111,,,,pi 0,pi 0,0.1349768,134.9768,5e-07,0.0005,-5e-07,-0.0005,7.81e-09,7.81e-06,1.2e-10,1.2e-07,-1.2e-10,-1.2e-07,PDG mass_width raw mass and width values treated as GeV; converted to MeV by multiplying by 1000.,111                          1.349768E-01      +5.0E-07 -5.0E-07  7.81E-09          +1.2E-10 -1.2E-10 pi                  0,2026-06-01T21:38:11+00:00
PDG_MASS_WIDTH_2025,221,,,,eta 0,eta 0,0.547862,547.862,1.7e-05,0.017,-1.7e-05,-0.017,1.31e-06,0.00131,5e-08,5e-05,-5e-08,-5e-05,PDG mass_width raw mass and width values treated as GeV; converted to MeV by multiplying by 1000.,221                          5.47862E-01       +1.7E-05 -1.7E-05  1.31E-06          +5.0E-08 -5.0E-08 eta                 0,2026-06-01T21:38:11+00:00
PDG_MASS_WIDTH_2025,9000221,,,,f(0)(500) 0,f(0)(500) 0,0.6,600,0.2,200,-0.2,-200,0.45,450,0.35,350,-0.35,-350,PDG mass_width raw mass and width values treated as GeV; converted to MeV by multiplying by 1000.,9000221                          6.0E-01           +2.0E-01 -2.0E-01  4.5E-01           +3.5E-01 -3.5E-01 f(0)(500)           0,2026-06-01T21:38:11+00:00
PDG_MASS_WIDTH_2025,113,,,,rho(770) 0,rho(770) 0,0.77526,775.26,0.00023,0.23,-0.00023,-0.23,0.1474,147.4,0.0008,0.8,-0.0008,-0.8,PDG mass_width raw mass and width values treated as GeV; converted to MeV by multiplying by 1000.,113                          7.7526E-01        +2.3E-04 -2.3E-04  1.474E-01         +8.0E-04 -8.0E-04 rho(770)            0,2026-06-01T21:38:11+00:00
PDG_MASS_WIDTH_2025,213,,,,rho(770) +,rho(770) +,0.77511,775.11,0.00034,0.34,-0.00034,-0.34,0.1491,149.1,0.0008,0.8,-0.0008,-0.8,PDG mass_width raw mass and width values treated as GeV; converted to MeV by multiplying by 1000.,213                          7.7511E-01        +3.4E-04 -3.4E-04  1.491E-01         +8.0E-04 -8.0E-04 rho(770)            +,2026-06-01T21:38:11+00:00
PDG_MASS_WIDTH_2025,223,,,,omega(782) 0,omega(782) 0,0.78266,782.66,0.00013,0.13,-0.00013,-0.13,0.00868,8.68,0.00013,0.13,-0.00013,-0.13,PDG mass_width raw mass and width values treated as GeV; converted to MeV by multiplying by 1000.,223                          7.8266E-01        +1.3E-04 -1.3E-04  8.68E-03          +1.3E-04 -1.3E-04 omega(782)          0,2026-06-01T21:38:11+00:00
PDG_MASS_WIDTH_2025,331,,,,eta'(958) 0,eta'(958) 0,0.95778,957.78,6e-05,0.06,-6e-05,-0.06,0.000188,0.188,6e-06,0.006,-6e-06,-0.006,PDG mass_width raw mass and width values treated as GeV; converted to MeV by multiplying by 1000.,331                          9.5778E-01        +6.0E-05 -6.0E-05  1.88E-04          +6.0E-06 -6.0E-06 eta'(958)           0,2026-06-01T21:38:11+00:00
PDG_MASS_WIDTH_2025,9010221,,,,f(0)(980) 0,f(0)(980) 0,0.99,990,0.02,20,-0.02,-20,0.06,60,0.05,50,-0.05,-50,PDG mass_width raw mass and width values treated as GeV; converted to MeV by multiplying by 1000.,9010221                          9.90E-01          +2.0E-02 -2.0E-02  6.E-02            +5.0E-02 -5.0E-02 f(0)(980)           0,2026-06-01T21:38:11+00:00
PDG_MASS_WIDTH_2025,9000111,9000211,,,"a(0)(980) 0,+","a(0)(980) 0,+",0.98,980,0.02,20,-0.02,-20,0.075,75,0.025,25,-0.025,-25,PDG mass_width raw mass and width values treated as GeV; converted to MeV by multiplying by 1000.,"9000111 9000211                  9.80E-01          +2.0E-02 -2.0E-02  7.5E-02           +2.5E-02 -2.5E-02 a(0)(980)         0,+",2026-06-01T21:38:11+00:00
PDG_MASS_WIDTH_2025,333,,,,phi(1020) 0,phi(1020) 0,1.01946,1019.46,1.6e-05,0.016,-1.6e-05,-0.016,0.004249,4.249,1.3e-05,0.013,-1.3e-05,-0.013,PDG mass_width raw mass and width values treated as GeV; converted to MeV by multiplying by 1000.,333                          1.019460E+00      +1.6E-05 -1.6E-05  4.249E-03         +1.3E-05 -1.3E-05 phi(1020)           0,2026-06-01T21:38:11+00:00
PDG_MASS_WIDTH_2025,10223,,,,h(1)(1170) 0,h(1)(1170) 0,1.166,1166,0.006,6,-0.006,-6,0.375,375,0.035,35,-0.035,-35,PDG mass_width raw mass and width values treated as GeV; converted to MeV by multiplying by 1000.,10223                          1.166E+00         +6.0E-03 -6.0E-03  3.75E-01          +3.5E-02 -3.5E-02 h(1)(1170)          0,2026-06-01T21:38:11+00:00
PDG_MASS_WIDTH_2025,10113,10213,,,"b(1)(1235) 0,+","b(1)(1235) 0,+",1.2295,1229.5,0.0032,3.2,-0.0032,-3.2,0.142,142,0.009,9,-0.009,-9,PDG mass_width raw mass and width values treated as GeV; converted to MeV by multiplying by 1000.,"10113   10213                  1.2295E+00        +3.2E-03 -3.2E-03  1.42E-01          +9.0E-03 -9.0E-03 b(1)(1235)        0,+",2026-06-01T21:38:11+00:00
PDG_MASS_WIDTH_2025,20113,20213,,,"a(1)(1260) 0,+","a(1)(1260) 0,+",1.23,1230,0.04,40,-0.04,-40,0.42,420,0.18,180,-0.18,-180,PDG mass_width raw mass and width values treated as GeV; converted to MeV by multiplying by 1000.,"20113   20213                  1.23E+00          +4.0E-02 -4.0E-02  4.2E-01           +1.8E-01 -1.8E-01 a(1)(1260)        0,+",2026-06-01T21:38:11+00:00
PDG_MASS_WIDTH_2025,225,,,,f(2)(1270) 0,f(2)(1270) 0,1.2754,1275.4,0.0008,0.8,-0.0008,-0.8,0.1866,186.6,0.0028,2.8,-0.0022,-2.2,PDG mass_width raw mass and width values treated as GeV; converted to MeV by multiplying by 1000.,225                          1.2754E+00        +8.0E-04 -8.0E-04  1.866E-01         +2.8E-03 -2.2E-03 f(2)(1270)          0,2026-06-01T21:38:11+00:00
PDG_MASS_WIDTH_2025,20223,,,,f(1)(1285) 0,f(1)(1285) 0,1.2818,1281.8,0.0005,0.5,-0.0005,-0.5,0.023,23,0.0011,1.1,-0.0011,-1.1,PDG mass_width raw mass and width values treated as GeV; converted to MeV by multiplying by 1000.,20223                          1.2818E+00        +5.0E-04 -5.0E-04  2.30E-02          +1.1E-03 -1.1E-03 f(1)(1285)          0,2026-06-01T21:38:11+00:00
PDG_MASS_WIDTH_2025,100221,,,,eta(1295) 0,eta(1295) 0,1.294,1294,0.004,4,-0.004,-4,0.055,55,0.005,5,-0.005,-5,PDG mass_width raw mass and width values treated as GeV; converted to MeV by multiplying by 1000.,100221                          1.294E+00         +4.0E-03 -4.0E-03  5.5E-02           +5.0E-03 -5.0E-03 eta(1295)           0,2026-06-01T21:38:11+00:00
PDG_MASS_WIDTH_2025,100111,100211,,,"pi(1300) 0,+","pi(1300) 0,+",1.3,1300,0.1,100,-0.1,-100,0.4,400,0.2,200,-0.2,-200,PDG mass_width raw mass and width values treated as GeV; converted to MeV by multiplying by 1000.,"100111  100211                  1.30E+00          +1.0E-01 -1.0E-01  4.0E-01           +2.0E-01 -2.0E-01 pi(1300)          0,+",2026-06-01T21:38:11+00:00
PDG_MASS_WIDTH_2025,115,215,,,"a(2)(1320) 0,+","a(2)(1320) 0,+",1.3182,1318.2,0.0006,0.6,-0.0006,-0.6,0.107,107,0.005,5,-0.005,-5,PDG mass_width raw mass and width values treated as GeV; converted to MeV by multiplying by 1000.,"115     215                  1.3182E+00        +6.0E-04 -6.0E-04  1.07E-01          +5.0E-03 -5.0E-03 a(2)(1320)        0,+",2026-06-01T21:38:11+00:00
PDG_MASS_WIDTH_2025,10221,,,,f(0)(1370) 0,f(0)(1370) 0,1.35,1350,0.15,150,-0.15,-150,0.35,350,0.15,150,-0.15,-150,PDG mass_width raw mass and width values treated as GeV; converted to MeV by multiplying by 1000.,10221                          1.35E+00          +1.5E-01 -1.5E-01  3.5E-01           +1.5E-01 -1.5E-01 f(0)(1370)          0,2026-06-01T21:38:11+00:00
PDG_MASS_WIDTH_2025,9020221,,,,eta(1405) 0,eta(1405) 0,1.4087,1408.7,0.002,2,-0.0012,-1.2,0.0503,50.3,0.0025,2.5,-0.0025,-2.5,PDG mass_width raw mass and width values treated as GeV; converted to MeV by multiplying by 1000.,9020221                          1.4087E+00        +2.0E-03 -1.2E-03  5.03E-02          +2.5E-03 -2.5E-03 eta(1405)           0,2026-06-01T21:38:11+00:00
PDG_MASS_WIDTH_2025,10333,,,,h(1)(1415) 0,h(1)(1415) 0,1.409,1409,0.009,9,-0.008,-8,0.078,78,0.011,11,-0.011,-11,PDG mass_width raw mass and width values treated as GeV; converted to MeV by multiplying by 1000.,10333                          1.409E+00         +9.0E-03 -8.0E-03  7.8E-02           +1.1E-02 -1.1E-02 h(1)(1415)          0,2026-06-01T21:38:11+00:00
PDG_MASS_WIDTH_2025,20333,,,,f(1)(1420) 0,f(1)(1420) 0,1.4284,1428.4,0.0015,1.5,-0.0013,-1.3,0.0567,56.7,0.0033,3.3,-0.0033,-3.3,PDG mass_width raw mass and width values treated as GeV; converted to MeV by multiplying by 1000.,20333                          1.4284E+00        +1.5E-03 -1.3E-03  5.67E-02          +3.3E-03 -3.3E-03 f(1)(1420)          0,2026-06-01T21:38:11+00:00
PDG_MASS_WIDTH_2025,100223,,,,omega(1420) 0,omega(1420) 0,1.41,1410,0.06,60,-0.06,-60,0.29,290,0.19,190,-0.19,-190,PDG mass_width raw mass and width values treated as GeV; converted to MeV by multiplying by 1000.,100223                          1.41E+00          +6.0E-02 -6.0E-02  2.9E-01           +1.9E-01 -1.9E-01 omega(1420)         0,2026-06-01T21:38:11+00:00
PDG_MASS_WIDTH_2025,10111,10211,,,"a(0)(1450) 0,+","a(0)(1450) 0,+",1.439,1439,0.034,34,-0.034,-34,0.258,258,0.014,14,-0.014,-14,PDG mass_width raw mass and width values treated as GeV; converted to MeV by multiplying by 1000.,"10111   10211                  1.439E+00         +3.4E-02 -3.4E-02  2.58E-01          +1.4E-02 -1.4E-02 a(0)(1450)        0,+",2026-06-01T21:38:11+00:00
PDG_MASS_WIDTH_2025,100113,100213,,,"rho(1450) 0,+","rho(1450) 0,+",1.465,1465,0.025,25,-0.025,-25,0.4,400,0.06,60,-0.06,-60,PDG mass_width raw mass and width values treated as GeV; converted to MeV by multiplying by 1000.,"100113  100213                  1.465E+00         +2.5E-02 -2.5E-02  4.0E-01           +6.0E-02 -6.0E-02 rho(1450)         0,+",2026-06-01T21:38:11+00:00
PDG_MASS_WIDTH_2025,100331,,,,eta(1475) 0,eta(1475) 0,1.476,1476,0.004,4,-0.004,-4,0.096,96,0.009,9,-0.009,-9,PDG mass_width raw mass and width values treated as GeV; converted to MeV by multiplying by 1000.,100331                          1.476E+00         +4.0E-03 -4.0E-03  9.6E-02           +9.0E-03 -9.0E-03 eta(1475)           0,2026-06-01T21:38:11+00:00
PDG_MASS_WIDTH_2025,9030221,,,,f(0)(1500) 0,f(0)(1500) 0,1.522,1522,0.025,25,-0.025,-25,0.108,108,0.033,33,-0.033,-33,PDG mass_width raw mass and width values treated as GeV; converted to MeV by multiplying by 1000.,9030221                          1.522E+00         +2.5E-02 -2.5E-02  1.08E-01          +3.3E-02 -3.3E-02 f(0)(1500)          0,2026-06-01T21:38:11+00:00
PDG_MASS_WIDTH_2025,335,,,,f(2)'(1525) 0,f(2)'(1525) 0,1.5173,1517.3,0.0024,2.4,-0.0024,-2.4,0.072,72,0.007,7,-0.006,-6,PDG mass_width raw mass and width values treated as GeV; converted to MeV by multiplying by 1000.,335                          1.5173E+00        +2.4E-03 -2.4E-03  7.2E-02           +7.0E-03 -6.0E-03 f(2)'(1525)         0,2026-06-01T21:38:11+00:00
PDG_MASS_WIDTH_2025,9010225,,,,f(2)(1565) 0,f(2)(1565) 0,1.571,1571,0.013,13,-0.013,-13,0.133,133,0.023,23,-0.023,-23,PDG mass_width raw mass and width values treated as GeV; converted to MeV by multiplying by 1000.,9010225                          1.571E+00         +1.3E-02 -1.3E-02  1.33E-01          +2.3E-02 -2.3E-02 f(2)(1565)          0,2026-06-01T21:38:11+00:00
PDG_MASS_WIDTH_2025,9010113,9010213,,,"pi(1)(1600) 0,+","pi(1)(1600) 0,+",1.645,1645,0.04,40,-0.017,-17,0.37,370,0.05,50,-0.06,-60,PDG mass_width raw mass and width values treated as GeV; converted to MeV by multiplying by 1000.,"9010113 9010213                  1.645E+00         +4.0E-02 -1.7E-02  3.7E-01           +5.0E-02 -6.0E-02 pi(1)(1600)       0,+",2026-06-01T21:38:11+00:00
PDG_MASS_WIDTH_2025,9020113,9020213,,,"a(1)(1640) 0,+","a(1)(1640) 0,+",1.655,1655,0.016,16,-0.016,-16,0.25,250,0.04,40,-0.04,-40,PDG mass_width raw mass and width values treated as GeV; converted to MeV by multiplying by 1000.,"9020113 9020213                  1.655E+00         +1.6E-02 -1.6E-02  2.5E-01           +4.0E-02 -4.0E-02 a(1)(1640)        0,+",2026-06-01T21:38:11+00:00
PDG_MASS_WIDTH_2025,10225,,,,eta(2)(1645) 0,eta(2)(1645) 0,1.617,1617,0.005,5,-0.005,-5,0.181,181,0.011,11,-0.011,-11,PDG mass_width raw mass and width values treated as GeV; converted to MeV by multiplying by 1000.,10225                          1.617E+00         +5.0E-03 -5.0E-03  1.81E-01          +1.1E-02 -1.1E-02 eta(2)(1645)        0,2026-06-01T21:38:11+00:00
PDG_MASS_WIDTH_2025,30223,,,,omega(1650) 0,omega(1650) 0,1.67,1670,0.03,30,-0.03,-30,0.315,315,0.035,35,-0.035,-35,PDG mass_width raw mass and width values treated as GeV; converted to MeV by multiplying by 1000.,30223                          1.670E+00         +3.0E-02 -3.0E-02  3.15E-01          +3.5E-02 -3.5E-02 omega(1650)         0,2026-06-01T21:38:11+00:00
PDG_MASS_WIDTH_2025,227,,,,omega(3)(1670) 0,omega(3)(1670) 0,1.667,1667,0.004,4,-0.004,-4,0.168,168,0.01,10,-0.01,-10,PDG mass_width raw mass and width values treated as GeV; converted to MeV by multiplying by 1000.,227                          1.667E+00         +4.0E-03 -4.0E-03  1.68E-01          +1.0E-02 -1.0E-02 omega(3)(1670)      0,2026-06-01T21:38:11+00:00
PDG_MASS_WIDTH_2025,10115,10215,,,"pi(2)(1670) 0,+","pi(2)(1670) 0,+",1.6706,1670.6,0.0029,2.9,-0.0012,-1.2,0.258,258,0.008,8,-0.009,-9,PDG mass_width raw mass and width values treated as GeV; converted to MeV by multiplying by 1000.,"10115   10215                  1.6706E+00        +2.9E-03 -1.2E-03  2.58E-01          +8.0E-03 -9.0E-03 pi(2)(1670)       0,+",2026-06-01T21:38:11+00:00
PDG_MASS_WIDTH_2025,100333,,,,phi(1680) 0,phi(1680) 0,1.68,1680,0.02,20,-0.02,-20,0.15,150,0.05,50,-0.05,-50,PDG mass_width raw mass and width values treated as GeV; converted to MeV by multiplying by 1000.,100333                          1.680E+00         +2.0E-02 -2.0E-02  1.5E-01           +5.0E-02 -5.0E-02 phi(1680)           0,2026-06-01T21:38:11+00:00
PDG_MASS_WIDTH_2025,117,217,,,"rho(3)(1690) 0,+","rho(3)(1690) 0,+",1.6888,1688.8,0.0021,2.1,-0.0021,-2.1,0.161,161,0.01,10,-0.01,-10,PDG mass_width raw mass and width values treated as GeV; converted to MeV by multiplying by 1000.,"117     217                  1.6888E+00        +2.1E-03 -2.1E-03  1.61E-01          +1.0E-02 -1.0E-02 rho(3)(1690)      0,+",2026-06-01T21:38:11+00:00
PDG_MASS_WIDTH_2025,30113,30213,,,"rho(1700) 0,+","rho(1700) 0,+",1.72,1720,0.02,20,-0.02,-20,0.25,250,0.1,100,-0.1,-100,PDG mass_width raw mass and width values treated as GeV; converted to MeV by multiplying by 1000.,"30113   30213                  1.720E+00         +2.0E-02 -2.0E-02  2.5E-01           +1.0E-01 -1.0E-01 rho(1700)         0,+",2026-06-01T21:38:11+00:00
PDG_MASS_WIDTH_2025,9000115,9000215,,,"a(2)(1700) 0,+","a(2)(1700) 0,+",1.706,1706,0.014,14,-0.014,-14,0.38,380,0.06,60,-0.05,-50,PDG mass_width raw mass and width values treated as GeV; converted to MeV by multiplying by 1000.,"9000115 9000215                  1.706E+00         +1.4E-02 -1.4E-02  3.8E-01           +6.0E-02 -5.0E-02 a(2)(1700)        0,+",2026-06-01T21:38:11+00:00
PDG_MASS_WIDTH_2025,10331,,,,f(0)(1710) 0,f(0)(1710) 0,1.733,1733,0.008,8,-0.007,-7,0.15,150,0.012,12,-0.01,-10,PDG mass_width raw mass and width values treated as GeV; converted to MeV by multiplying by 1000.,10331                          1.733E+00         +8.0E-03 -7.0E-03  1.50E-01          +1.2E-02 -1.0E-02 f(0)(1710)          0,2026-06-01T21:38:11+00:00
PDG_MASS_WIDTH_2025,9010111,9010211,,,"pi(1800) 0,+","pi(1800) 0,+",1.81,1810,0.009,9,-0.011,-11,0.215,215,0.007,7,-0.008,-8,PDG mass_width raw mass and width values treated as GeV; converted to MeV by multiplying by 1000.,"9010111 9010211                  1.810E+00         +9.0E-03 -1.1E-02  2.15E-01          +7.0E-03 -8.0E-03 pi(1800)          0,+",2026-06-01T21:38:11+00:00
PDG_MASS_WIDTH_2025,337,,,,phi(3)(1850) 0,phi(3)(1850) 0,1.854,1854,0.007,7,-0.007,-7,0.087,87,0.028,28,-0.023,-23,PDG mass_width raw mass and width values treated as GeV; converted to MeV by multiplying by 1000.,337                          1.854E+00         +7.0E-03 -7.0E-03  8.7E-02           +2.8E-02 -2.3E-02 phi(3)(1850)        0,2026-06-01T21:38:11+00:00
PDG_MASS_WIDTH_2025,10335,,,,eta(2)(1870) 0,eta(2)(1870) 0,1.842,1842,0.008,8,-0.008,-8,0.225,225,0.014,14,-0.014,-14,PDG mass_width raw mass and width values treated as GeV; converted to MeV by multiplying by 1000.,10335                          1.842E+00         +8.0E-03 -8.0E-03  2.25E-01          +1.4E-02 -1.4E-02 eta(2)(1870)        0,2026-06-01T21:38:11+00:00
PDG_MASS_WIDTH_2025,9050225,,,,f(2)(1950) 0,f(2)(1950) 0,1.936,1936,0.012,12,-0.012,-12,0.464,464,0.024,24,-0.024,-24,PDG mass_width raw mass and width values treated as GeV; converted to MeV by multiplying by 1000.,9050225                          1.936E+00         +1.2E-02 -1.2E-02  4.64E-01          +2.4E-02 -2.4E-02 f(2)(1950)          0,2026-06-01T21:38:11+00:00
PDG_MASS_WIDTH_2025,119,219,,,"a(4)(1970) 0,+","a(4)(1970) 0,+",1.967,1967,0.016,16,-0.016,-16,0.324,324,0.015,15,-0.018,-18,PDG mass_width raw mass and width values treated as GeV; converted to MeV by multiplying by 1000.,"119     219                  1.967E+00         +1.6E-02 -1.6E-02  3.24E-01          +1.5E-02 -1.8E-02 a(4)(1970)        0,+",2026-06-01T21:38:11+00:00
PDG_MASS_WIDTH_2025,9060225,,,,f(2)(2010) 0,f(2)(2010) 0,2.01,2010,0.06,60,-0.08,-80,0.2,200,0.06,60,-0.06,-60,PDG mass_width raw mass and width values treated as GeV; converted to MeV by multiplying by 1000.,9060225                          2.01E+00          +6.0E-02 -8.0E-02  2.0E-01           +6.0E-02 -6.0E-02 f(2)(2010)          0,2026-06-01T21:38:11+00:00
PDG_MASS_WIDTH_2025,9050221,,,,f(0)(2020) 0,f(0)(2020) 0,1.982,1982,0.05,50,-0.003,-3,0.44,440,0.05,50,-0.05,-50,PDG mass_width raw mass and width values treated as GeV; converted to MeV by multiplying by 1000.,9050221                          1.9820E+00        +5.0E-02 -3.0E-03  4.4E-01           +5.0E-02 -5.0E-02 f(0)(2020)          0,2026-06-01T21:38:11+00:00
PDG_MASS_WIDTH_2025,229,,,,f(4)(2050) 0,f(4)(2050) 0,2.018,2018,0.011,11,-0.011,-11,0.237,237,0.018,18,-0.018,-18,PDG mass_width raw mass and width values treated as GeV; converted to MeV by multiplying by 1000.,229                          2.018E+00         +1.1E-02 -1.1E-02  2.37E-01          +1.8E-02 -1.8E-02 f(4)(2050)          0,2026-06-01T21:38:11+00:00
PDG_MASS_WIDTH_2025,9070225,,,,f(2)(2150) 0,f(2)(2150) 0,2.157,2157,0.012,12,-0.012,-12,0.152,152,0.03,30,-0.03,-30,PDG mass_width raw mass and width values treated as GeV; converted to MeV by multiplying by 1000.,9070225                          2.157E+00         +1.2E-02 -1.2E-02  1.52E-01          +3.0E-02 -3.0E-02 f(2)(2150)          0,2026-06-01T21:38:11+00:00
PDG_MASS_WIDTH_2025,9080225,,,,f(2)(2300) 0,f(2)(2300) 0,2.297,2297,0.028,28,-0.028,-28,0.15,150,0.04,40,-0.04,-40,PDG mass_width raw mass and width values treated as GeV; converted to MeV by multiplying by 1000.,9080225                          2.297E+00         +2.8E-02 -2.8E-02  1.5E-01           +4.0E-02 -4.0E-02 f(2)(2300)          0,2026-06-01T21:38:11+00:00
PDG_MASS_WIDTH_2025,9090225,,,,f(2)(2340) 0,f(2)(2340) 0,2.346,2346,0.021,21,-0.01,-10,0.331,331,0.027,27,-0.018,-18,PDG mass_width raw mass and width values treated as GeV; converted to MeV by multiplying by 1000.,9090225                          2.346E+00         +2.1E-02 -1.0E-02  3.31E-01          +2.7E-02 -1.8E-02 f(2)(2340)          0,2026-06-01T21:38:11+00:00
PDG_MASS_WIDTH_2025,321,,,,K +,k +,0.493677,493.677,1.5e-05,0.015,-1.5e-05,-0.015,5.317e-17,5.317e-14,9e-20,9e-17,-9e-20,-9e-17,PDG mass_width raw mass and width values treated as GeV; converted to MeV by multiplying by 1000.,321                          4.93677E-01       +1.5E-05 -1.5E-05  5.317E-17         +9.0E-20 -9.0E-20 K                   +,2026-06-01T21:38:11+00:00
PDG_MASS_WIDTH_2025,311,,,,K 0,k 0,0.497611,497.611,1.3e-05,0.013,-1.3e-05,-0.013,,,,,,,PDG mass_width raw mass and width values treated as GeV; converted to MeV by multiplying by 1000.,311                          4.97611E-01       +1.3E-05 -1.3E-05                                      K                   0,2026-06-01T21:38:11+00:00
PDG_MASS_WIDTH_2025,310,,,,K(S) 0,k(s) 0,0.497611,497.611,1.3e-05,0.013,-1.3e-05,-0.013,7.3508e-15,7.3508e-12,2.9e-18,2.9e-15,-2.9e-18,-2.9e-15,PDG mass_width raw mass and width values treated as GeV; converted to MeV by multiplying by 1000.,310                          4.97611E-01       +1.3E-05 -1.3E-05  7.3508E-15        +2.9E-18 -2.9E-18 K(S)                0,2026-06-01T21:38:11+00:00
PDG_MASS_WIDTH_2025,130,,,,K(L) 0,k(l) 0,0.497611,497.611,1.3e-05,0.013,-1.3e-05,-0.013,1.287e-17,1.287e-14,5e-20,5e-17,-5e-20,-5e-17,PDG mass_width raw mass and width values treated as GeV; converted to MeV by multiplying by 1000.,130                          4.97611E-01       +1.3E-05 -1.3E-05  1.287E-17         +5.0E-20 -5.0E-20 K(L)                0,2026-06-01T21:38:11+00:00
PDG_MASS_WIDTH_2025,9000311,9000321,,,"K(0)*(700) 0,+","k(0)*(700) 0,+",0.838,838,0.011,11,-0.011,-11,0.463,463,0.027,27,-0.027,-27,PDG mass_width raw mass and width values treated as GeV; converted to MeV by multiplying by 1000.,"9000311 9000321                  8.38E-01          +1.1E-02 -1.1E-02  4.63E-01          +2.7E-02 -2.7E-02 K(0)*(700)        0,+",2026-06-01T21:38:11+00:00
PDG_MASS_WIDTH_2025,313,,,,K*(892) 0,k*(892) 0,0.89555,895.55,0.0002,0.2,-0.0002,-0.2,0.0473,47.3,0.0005,0.5,-0.0005,-0.5,PDG mass_width raw mass and width values treated as GeV; converted to MeV by multiplying by 1000.,313                          8.9555E-01        +2.0E-04 -2.0E-04  4.73E-02          +5.0E-04 -5.0E-04 K*(892)             0,2026-06-01T21:38:11+00:00
PDG_MASS_WIDTH_2025,323,,,,K*(892) +,k*(892) +,0.89167,891.67,0.00026,0.26,-0.00026,-0.26,0.0514,51.4,0.0008,0.8,-0.0008,-0.8,PDG mass_width raw mass and width values treated as GeV; converted to MeV by multiplying by 1000.,323                          8.9167E-01        +2.6E-04 -2.6E-04  5.14E-02          +8.0E-04 -8.0E-04 K*(892)             +,2026-06-01T21:38:11+00:00
PDG_MASS_WIDTH_2025,10313,10323,,,"K(1)(1270) 0,+","k(1)(1270) 0,+",1.253,1253,0.007,7,-0.007,-7,0.09,90,0.02,20,-0.02,-20,PDG mass_width raw mass and width values treated as GeV; converted to MeV by multiplying by 1000.,"10313   10323                  1.253E+00         +7.0E-03 -7.0E-03  9.0E-02           +2.0E-02 -2.0E-02 K(1)(1270)        0,+",2026-06-01T21:38:11+00:00
PDG_MASS_WIDTH_2025,20313,20323,,,"K(1)(1400) 0,+","k(1)(1400) 0,+",1.403,1403,0.007,7,-0.007,-7,0.174,174,0.013,13,-0.013,-13,PDG mass_width raw mass and width values treated as GeV; converted to MeV by multiplying by 1000.,"20313   20323                  1.403E+00         +7.0E-03 -7.0E-03  1.74E-01          +1.3E-02 -1.3E-02 K(1)(1400)        0,+",2026-06-01T21:38:11+00:00
PDG_MASS_WIDTH_2025,100313,100323,,,"K*(1410) 0,+","k*(1410) 0,+",1.414,1414,0.015,15,-0.015,-15,0.232,232,0.021,21,-0.021,-21,PDG mass_width raw mass and width values treated as GeV; converted to MeV by multiplying by 1000.,"100313  100323                  1.414E+00         +1.5E-02 -1.5E-02  2.32E-01          +2.1E-02 -2.1E-02 K*(1410)          0,+",2026-06-01T21:38:11+00:00
PDG_MASS_WIDTH_2025,10311,10321,,,"K(0)*(1430) 0,+","k(0)*(1430) 0,+",1.43,1430,0.05,50,-0.05,-50,0.27,270,0.08,80,-0.08,-80,PDG mass_width raw mass and width values treated as GeV; converted to MeV by multiplying by 1000.,"10311   10321                  1.43E+00          +5.0E-02 -5.0E-02  2.7E-01           +8.0E-02 -8.0E-02 K(0)*(1430)       0,+",2026-06-01T21:38:11+00:00
PDG_MASS_WIDTH_2025,315,,,,K(2)*(1430) 0,k(2)*(1430) 0,1.4324,1432.4,0.0013,1.3,-0.0013,-1.3,0.109,109,0.005,5,-0.005,-5,PDG mass_width raw mass and width values treated as GeV; converted to MeV by multiplying by 1000.,315                          1.4324E+00        +1.3E-03 -1.3E-03  1.09E-01          +5.0E-03 -5.0E-03 K(2)*(1430)         0,2026-06-01T21:38:11+00:00
PDG_MASS_WIDTH_2025,325,,,,K(2)*(1430) +,k(2)*(1430) +,1.4273,1427.3,0.0015,1.5,-0.0015,-1.5,0.1,100,0.0022,2.2,-0.0022,-2.2,PDG mass_width raw mass and width values treated as GeV; converted to MeV by multiplying by 1000.,325                          1.4273E+00        +1.5E-03 -1.5E-03  1.000E-01         +2.2E-03 -2.2E-03 K(2)*(1430)         +,2026-06-01T21:38:11+00:00
PDG_MASS_WIDTH_2025,9000313,9000323,,,"K(1)(1650) 0,+","k(1)(1650) 0,+",1.65,1650,0.05,50,-0.05,-50,0.15,150,0.05,50,-0.05,-50,PDG mass_width raw mass and width values treated as GeV; converted to MeV by multiplying by 1000.,"9000313 9000323                  1.65E+00          +5.0E-02 -5.0E-02  1.5E-01           +5.0E-02 -5.0E-02 K(1)(1650)        0,+",2026-06-01T21:38:11+00:00
PDG_MASS_WIDTH_2025,30313,30323,,,"K*(1680) 0,+","k*(1680) 0,+",1.718,1718,0.018,18,-0.018,-18,0.32,320,0.11,110,-0.11,-110,PDG mass_width raw mass and width values treated as GeV; converted to MeV by multiplying by 1000.,"30313   30323                  1.718E+00         +1.8E-02 -1.8E-02  3.2E-01           +1.1E-01 -1.1E-01 K*(1680)          0,+",2026-06-01T21:38:11+00:00
PDG_MASS_WIDTH_2025,10315,10325,,,"K(2)(1770) 0,+","k(2)(1770) 0,+",1.773,1773,0.008,8,-0.008,-8,0.186,186,0.014,14,-0.014,-14,PDG mass_width raw mass and width values treated as GeV; converted to MeV by multiplying by 1000.,"10315   10325                  1.773E+00         +8.0E-03 -8.0E-03  1.86E-01          +1.4E-02 -1.4E-02 K(2)(1770)        0,+",2026-06-01T21:38:11+00:00
PDG_MASS_WIDTH_2025,317,327,,,"K(3)*(1780) 0,+","k(3)*(1780) 0,+",1.779,1779,0.008,8,-0.008,-8,0.161,161,0.017,17,-0.017,-17,PDG mass_width raw mass and width values treated as GeV; converted to MeV by multiplying by 1000.,"317     327                  1.779E+00         +8.0E-03 -8.0E-03  1.61E-01          +1.7E-02 -1.7E-02 K(3)*(1780)       0,+",2026-06-01T21:38:11+00:00
PDG_MASS_WIDTH_2025,20315,20325,,,"K(2)(1820) 0,+","k(2)(1820) 0,+",1.819,1819,0.012,12,-0.012,-12,0.264,264,0.034,34,-0.034,-34,PDG mass_width raw mass and width values treated as GeV; converted to MeV by multiplying by 1000.,"20315   20325                  1.819E+00         +1.2E-02 -1.2E-02  2.64E-01          +3.4E-02 -3.4E-02 K(2)(1820)        0,+",2026-06-01T21:38:11+00:00
PDG_MASS_WIDTH_2025,9020311,9020321,,,"K(0)*(1950) 0,+","k(0)*(1950) 0,+",1.957,1957,0.014,14,-0.014,-14,0.17,170,0.05,50,-0.05,-50,PDG mass_width raw mass and width values treated as GeV; converted to MeV by multiplying by 1000.,"9020311 9020321                  1.957E+00         +1.4E-02 -1.4E-02  1.7E-01           +5.0E-02 -5.0E-02 K(0)*(1950)       0,+",2026-06-01T21:38:11+00:00
PDG_MASS_WIDTH_2025,9010315,9010325,,,"K(2)*(1980) 0,+","k(2)*(1980) 0,+",1.99,1990,0.06,60,-0.05,-50,0.348,348,0.05,50,-0.03,-30,PDG mass_width raw mass and width values treated as GeV; converted to MeV by multiplying by 1000.,"9010315 9010325                  1.99E+00          +6.0E-02 -5.0E-02  3.48E-01          +5.0E-02 -3.0E-02 K(2)*(1980)       0,+",2026-06-01T21:38:11+00:00
PDG_MASS_WIDTH_2025,319,329,,,"K(4)*(2045) 0,+","k(4)*(2045) 0,+",2.048,2048,0.008,8,-0.009,-9,0.199,199,0.027,27,-0.019,-19,PDG mass_width raw mass and width values treated as GeV; converted to MeV by multiplying by 1000.,"319     329                  2.048E+00         +8.0E-03 -9.0E-03  1.99E-01          +2.7E-02 -1.9E-02 K(4)*(2045)       0,+",2026-06-01T21:38:11+00:00
PDG_MASS_WIDTH_2025,411,,,,D +,d +,1.86966,1869.66,5e-05,0.05,-5e-05,-0.05,6.37e-13,6.37e-10,2.9e-15,2.9e-12,-2.9e-15,-2.9e-12,PDG mass_width raw mass and width values treated as GeV; converted to MeV by multiplying by 1000.,411                          1.86966E+00       +5.0E-05 -5.0E-05  6.370E-13         +2.9E-15 -2.9E-15 D                   +,2026-06-01T21:38:11+00:00
PDG_MASS_WIDTH_2025,421,,,,D 0,d 0,1.86484,1864.84,5e-05,0.05,-5e-05,-0.05,1.604e-12,1.604e-09,4e-15,4e-12,-4e-15,-4e-12,PDG mass_width raw mass and width values treated as GeV; converted to MeV by multiplying by 1000.,421                          1.86484E+00       +5.0E-05 -5.0E-05  1.604E-12         +4.0E-15 -4.0E-15 D                   0,2026-06-01T21:38:11+00:00
PDG_MASS_WIDTH_2025,423,,,,D*(2007) 0,d*(2007) 0,2.00685,2006.85,5e-05,0.05,-5e-05,-0.05,,,,,,,PDG mass_width raw mass and width values treated as GeV; converted to MeV by multiplying by 1000.,423                          2.00685E+00       +5.0E-05 -5.0E-05                                      D*(2007)            0,2026-06-01T21:38:11+00:00
PDG_MASS_WIDTH_2025,413,,,,D*(2010) +,d*(2010) +,2.01026,2010.26,5e-05,0.05,-5e-05,-0.05,8.34e-05,0.0834,1.8e-06,0.0018,-1.8e-06,-0.0018,PDG mass_width raw mass and width values treated as GeV; converted to MeV by multiplying by 1000.,413                          2.01026E+00       +5.0E-05 -5.0E-05  8.34E-05          +1.8E-06 -1.8E-06 D*(2010)            +,2026-06-01T21:38:11+00:00
PDG_MASS_WIDTH_2025,10421,10411,,,"D(0)*(2300) 0,+","d(0)*(2300) 0,+",2.343,2343,0.01,10,-0.01,-10,0.229,229,0.016,16,-0.016,-16,PDG mass_width raw mass and width values treated as GeV; converted to MeV by multiplying by 1000.,"10421   10411                  2.343E+00         +1.0E-02 -1.0E-02  2.29E-01          +1.6E-02 -1.6E-02 D(0)*(2300)       0,+",2026-06-01T21:38:11+00:00
PDG_MASS_WIDTH_2025,10423,10413,,,"D(1)(2420) 0,+","d(1)(2420) 0,+",2.4221,2422.1,0.0006,0.6,-0.0006,-0.6,0.0313,31.3,0.0019,1.9,-0.0019,-1.9,PDG mass_width raw mass and width values treated as GeV; converted to MeV by multiplying by 1000.,"10423   10413                  2.4221E+00        +6.0E-04 -6.0E-04  3.13E-02          +1.9E-03 -1.9E-03 D(1)(2420)        0,+",2026-06-01T21:38:11+00:00
PDG_MASS_WIDTH_2025,20423,,,,D(1)(2430) 0,d(1)(2430) 0,2.412,2412,0.009,9,-0.009,-9,0.314,314,0.029,29,-0.029,-29,PDG mass_width raw mass and width values treated as GeV; converted to MeV by multiplying by 1000.,20423                          2.412E+00         +9.0E-03 -9.0E-03  3.14E-01          +2.9E-02 -2.9E-02 D(1)(2430)          0,2026-06-01T21:38:11+00:00
PDG_MASS_WIDTH_2025,425,415,,,"D(2)*(2460) 0,+","d(2)*(2460) 0,+",2.4611,2461.1,0.0008,0.8,-0.0008,-0.8,0.0473,47.3,0.0008,0.8,-0.0008,-0.8,PDG mass_width raw mass and width values treated as GeV; converted to MeV by multiplying by 1000.,"425     415                  2.4611E+00        +8.0E-04 -8.0E-04  4.73E-02          +8.0E-04 -8.0E-04 D(2)*(2460)       0,+",2026-06-01T21:38:11+00:00
PDG_MASS_WIDTH_2025,431,,,,D(s) +,d(s) +,1.96835,1968.35,7e-05,0.07,-7e-05,-0.07,1.313e-12,1.313e-09,6e-15,6e-12,-6e-15,-6e-12,PDG mass_width raw mass and width values treated as GeV; converted to MeV by multiplying by 1000.,431                          1.96835E+00       +7.0E-05 -7.0E-05  1.313E-12         +6.0E-15 -6.0E-15 D(s)                +,2026-06-01T21:38:11+00:00
PDG_MASS_WIDTH_2025,433,,,,D(s)* +,d(s)* +,2.1122,2112.2,0.0004,0.4,-0.0004,-0.4,,,,,,,PDG mass_width raw mass and width values treated as GeV; converted to MeV by multiplying by 1000.,433                          2.1122E+00        +4.0E-04 -4.0E-04                                      D(s)*               +,2026-06-01T21:38:11+00:00
PDG_MASS_WIDTH_2025,10431,,,,D(s0)*(2317) +,d(s0)*(2317) +,2.3178,2317.8,0.0005,0.5,-0.0005,-0.5,,,,,,,PDG mass_width raw mass and width values treated as GeV; converted to MeV by multiplying by 1000.,10431                          2.3178E+00        +5.0E-04 -5.0E-04                                      D(s0)*(2317)        +,2026-06-01T21:38:11+00:00
PDG_MASS_WIDTH_2025,20433,,,,D(s1)(2460) +,d(s1)(2460) +,2.4595,2459.5,0.0006,0.6,-0.0006,-0.6,,,,,,,PDG mass_width raw mass and width values treated as GeV; converted to MeV by multiplying by 1000.,20433                          2.4595E+00        +6.0E-04 -6.0E-04                                      D(s1)(2460)         +,2026-06-01T21:38:11+00:00
PDG_MASS_WIDTH_2025,10433,,,,D(s1)(2536) +,d(s1)(2536) +,2.53511,2535.11,6e-05,0.06,-6e-05,-0.06,0.00092,0.92,5e-05,0.05,-5e-05,-0.05,PDG mass_width raw mass and width values treated as GeV; converted to MeV by multiplying by 1000.,10433                          2.53511E+00       +6.0E-05 -6.0E-05  9.2E-04           +5.0E-05 -5.0E-05 D(s1)(2536)         +,2026-06-01T21:38:11+00:00
PDG_MASS_WIDTH_2025,435,,,,D(s2)*(2573) +,d(s2)*(2573) +,2.5691,2569.1,0.0008,0.8,-0.0008,-0.8,0.0169,16.9,0.0007,0.7,-0.0007,-0.7,PDG mass_width raw mass and width values treated as GeV; converted to MeV by multiplying by 1000.,435                          2.5691E+00        +8.0E-04 -8.0E-04  1.69E-02          +7.0E-04 -7.0E-04 D(s2)*(2573)        +,2026-06-01T21:38:11+00:00
PDG_MASS_WIDTH_2025,521,,,,B +,b +,5.27941,5279.41,7e-05,0.07,-7e-05,-0.07,4.018e-13,4.018e-10,1e-15,1e-12,-1e-15,-1e-12,PDG mass_width raw mass and width values treated as GeV; converted to MeV by multiplying by 1000.,521                          5.27941E+00       +7.0E-05 -7.0E-05  4.018E-13         +1.0E-15 -1.0E-15 B                   +,2026-06-01T21:38:11+00:00
PDG_MASS_WIDTH_2025,511,,,,B 0,b 0,5.27972,5279.72,8e-05,0.08,-8e-05,-0.08,4.339e-13,4.339e-10,1.1e-15,1.1e-12,-1.1e-15,-1.1e-12,PDG mass_width raw mass and width values treated as GeV; converted to MeV by multiplying by 1000.,511                          5.27972E+00       +8.0E-05 -8.0E-05  4.339E-13         +1.1E-15 -1.1E-15 B                   0,2026-06-01T21:38:11+00:00
PDG_MASS_WIDTH_2025,513,523,,,"B* 0,+","b* 0,+",5.32475,5324.75,0.0002,0.2,-0.0002,-0.2,,,,,,,PDG mass_width raw mass and width values treated as GeV; converted to MeV by multiplying by 1000.,"513     523                  5.32475E+00       +2.0E-04 -2.0E-04                                      B*                0,+",2026-06-01T21:38:11+00:00
PDG_MASS_WIDTH_2025,515,,,,B(2)*(5747) 0,b(2)*(5747) 0,5.7396,5739.6,0.0007,0.7,-0.0007,-0.7,0.0242,24.2,0.0017,1.7,-0.0017,-1.7,PDG mass_width raw mass and width values treated as GeV; converted to MeV by multiplying by 1000.,515                          5.7396E+00        +7.0E-04 -7.0E-04  2.42E-02          +1.7E-03 -1.7E-03 B(2)*(5747)         0,2026-06-01T21:38:11+00:00
PDG_MASS_WIDTH_2025,525,,,,B(2)*(5747) +,b(2)*(5747) +,5.7373,5737.3,0.0007,0.7,-0.0007,-0.7,0.02,20,0.005,5,-0.005,-5,PDG mass_width raw mass and width values treated as GeV; converted to MeV by multiplying by 1000.,525                          5.7373E+00        +7.0E-04 -7.0E-04  2.0E-02           +5.0E-03 -5.0E-03 B(2)*(5747)         +,2026-06-01T21:38:11+00:00
PDG_MASS_WIDTH_2025,531,,,,B(s) 0,b(s) 0,5.36693,5366.93,0.0001,0.1,-0.0001,-0.1,4.342e-13,4.342e-10,1.7e-15,1.7e-12,-1.7e-15,-1.7e-12,PDG mass_width raw mass and width values treated as GeV; converted to MeV by multiplying by 1000.,531                          5.36693E+00       +1.0E-04 -1.0E-04  4.342E-13         +1.7E-15 -1.7E-15 B(s)                0,2026-06-01T21:38:11+00:00
PDG_MASS_WIDTH_2025,533,,,,B(s)* 0,b(s)* 0,5.4154,5415.4,0.0014,1.4,-0.0014,-1.4,,,,,,,PDG mass_width raw mass and width values treated as GeV; converted to MeV by multiplying by 1000.,533                          5.4154E+00        +1.4E-03 -1.4E-03                                      B(s)*               0,2026-06-01T21:38:11+00:00
PDG_MASS_WIDTH_2025,535,,,,B(s2)*(5840) 0,b(s2)*(5840) 0,5.83988,5839.88,0.00012,0.12,-0.00012,-0.12,0.00149,1.49,0.00027,0.27,-0.00027,-0.27,PDG mass_width raw mass and width values treated as GeV; converted to MeV by multiplying by 1000.,535                          5.83988E+00       +1.2E-04 -1.2E-04  1.49E-03          +2.7E-04 -2.7E-04 B(s2)*(5840)        0,2026-06-01T21:38:11+00:00
PDG_MASS_WIDTH_2025,541,,,,B(c) +,b(c) +,6.27447,6274.47,0.00032,0.32,-0.00032,-0.32,1.291e-12,1.291e-09,2.3e-14,2.3e-11,-2.3e-14,-2.3e-11,PDG mass_width raw mass and width values treated as GeV; converted to MeV by multiplying by 1000.,541                          6.27447E+00       +3.2E-04 -3.2E-04  1.291E-12         +2.3E-14 -2.3E-14 B(c)                +,2026-06-01T21:38:11+00:00
PDG_MASS_WIDTH_2025,441,,,,eta(c)(1S) 0,eta(c)(1s) 0,2.9841,2984.1,0.0004,0.4,-0.0004,-0.4,0.0305,30.5,0.0005,0.5,-0.0005,-0.5,PDG mass_width raw mass and width values treated as GeV; converted to MeV by multiplying by 1000.,441                          2.9841E+00        +4.0E-04 -4.0E-04  3.05E-02          +5.0E-04 -5.0E-04 eta(c)(1S)          0,2026-06-01T21:38:11+00:00
PDG_MASS_WIDTH_2025,443,,,,J/psi(1S) 0,j/psi(1s) 0,3.0969,3096.9,6e-06,0.006,-6e-06,-0.006,9.26e-05,0.0926,1.7e-06,0.0017,-1.7e-06,-0.0017,PDG mass_width raw mass and width values treated as GeV; converted to MeV by multiplying by 1000.,443                          3.096900E+00      +6.0E-06 -6.0E-06  9.26E-05          +1.7E-06 -1.7E-06 J/psi(1S)           0,2026-06-01T21:38:11+00:00
PDG_MASS_WIDTH_2025,10441,,,,chi(c0)(1P) 0,chi(c0)(1p) 0,3.41471,3414.71,0.0003,0.3,-0.0003,-0.3,0.0109,10.9,0.0006,0.6,-0.0006,-0.6,PDG mass_width raw mass and width values treated as GeV; converted to MeV by multiplying by 1000.,10441                          3.41471E+00       +3.0E-04 -3.0E-04  1.09E-02          +6.0E-04 -6.0E-04 chi(c0)(1P)         0,2026-06-01T21:38:11+00:00
PDG_MASS_WIDTH_2025,20443,,,,chi(c1)(1P) 0,chi(c1)(1p) 0,3.51067,3510.67,5e-05,0.05,-5e-05,-0.05,0.00084,0.84,4e-05,0.04,-4e-05,-0.04,PDG mass_width raw mass and width values treated as GeV; converted to MeV by multiplying by 1000.,20443                          3.51067E+00       +5.0E-05 -5.0E-05  8.4E-04           +4.0E-05 -4.0E-05 chi(c1)(1P)         0,2026-06-01T21:38:11+00:00
PDG_MASS_WIDTH_2025,10443,,,,h(c)(1P) 0,h(c)(1p) 0,3.52537,3525.37,0.00014,0.14,-0.00014,-0.14,0.00078,0.78,0.00028,0.28,-0.00028,-0.28,PDG mass_width raw mass and width values treated as GeV; converted to MeV by multiplying by 1000.,10443                          3.52537E+00       +1.4E-04 -1.4E-04  7.8E-04           +2.8E-04 -2.8E-04 h(c)(1P)            0,2026-06-01T21:38:11+00:00
PDG_MASS_WIDTH_2025,445,,,,chi(c2)(1P) 0,chi(c2)(1p) 0,3.55617,3556.17,7e-05,0.07,-7e-05,-0.07,0.00197,1.97,9e-05,0.09,-9e-05,-0.09,PDG mass_width raw mass and width values treated as GeV; converted to MeV by multiplying by 1000.,445                          3.55617E+00       +7.0E-05 -7.0E-05  1.97E-03          +9.0E-05 -9.0E-05 chi(c2)(1P)         0,2026-06-01T21:38:11+00:00
PDG_MASS_WIDTH_2025,100441,,,,eta(c)(2S) 0,eta(c)(2s) 0,3.6378,3637.8,0.0006,0.6,-0.0006,-0.6,0.0116,11.6,0.0014,1.4,-0.0014,-1.4,PDG mass_width raw mass and width values treated as GeV; converted to MeV by multiplying by 1000.,100441                          3.6378E+00        +6.0E-04 -6.0E-04  1.16E-02          +1.4E-03 -1.4E-03 eta(c)(2S)          0,2026-06-01T21:38:11+00:00
PDG_MASS_WIDTH_2025,100443,,,,psi(2S) 0,psi(2s) 0,3.686097,3686.097,1.1e-05,0.011,-1.1e-05,-0.011,0.000293,0.293,9e-06,0.009,-9e-06,-0.009,PDG mass_width raw mass and width values treated as GeV; converted to MeV by multiplying by 1000.,100443                          3.686097E+00      +1.1E-05 -1.1E-05  2.93E-04          +9.0E-06 -9.0E-06 psi(2S)             0,2026-06-01T21:38:11+00:00
PDG_MASS_WIDTH_2025,30443,,,,psi(3770) 0,psi(3770) 0,3.7737,3773.7,0.0007,0.7,-0.0007,-0.7,0.0272,27.2,0.001,1,-0.001,-1,PDG mass_width raw mass and width values treated as GeV; converted to MeV by multiplying by 1000.,30443                          3.7737E+00        +7.0E-04 -7.0E-04  2.72E-02          +1.0E-03 -1.0E-03 psi(3770)           0,2026-06-01T21:38:11+00:00
PDG_MASS_WIDTH_2025,100445,,,,chi(c2)(3930) 0,chi(c2)(3930) 0,3.9225,3922.5,0.001,1,-0.001,-1,0.0352,35.2,0.0022,2.2,-0.0022,-2.2,PDG mass_width raw mass and width values treated as GeV; converted to MeV by multiplying by 1000.,100445                          3.9225E+00        +1.0E-03 -1.0E-03  3.52E-02          +2.2E-03 -2.2E-03 chi(c2)(3930)       0,2026-06-01T21:38:11+00:00
PDG_MASS_WIDTH_2025,9000443,,,,psi(4040) 0,psi(4040) 0,4.04,4040,0.004,4,-0.004,-4,0.085,85,0.012,12,-0.012,-12,PDG mass_width raw mass and width values treated as GeV; converted to MeV by multiplying by 1000.,9000443                          4.040E+00         +4.0E-03 -4.0E-03  8.5E-02           +1.2E-02 -1.2E-02 psi(4040)           0,2026-06-01T21:38:11+00:00
PDG_MASS_WIDTH_2025,9010443,,,,psi(4160) 0,psi(4160) 0,4.191,4191,0.005,5,-0.005,-5,0.069,69,0.01,10,-0.01,-10,PDG mass_width raw mass and width values treated as GeV; converted to MeV by multiplying by 1000.,9010443                          4.191E+00         +5.0E-03 -5.0E-03  6.9E-02           +1.0E-02 -1.0E-02 psi(4160)           0,2026-06-01T21:38:11+00:00
PDG_MASS_WIDTH_2025,9020443,,,,psi(4415) 0,psi(4415) 0,4.415,4415,0.005,5,-0.005,-5,0.11,110,0.013,13,-0.013,-13,PDG mass_width raw mass and width values treated as GeV; converted to MeV by multiplying by 1000.,9020443                          4.415E+00         +5.0E-03 -5.0E-03  1.10E-01          +1.3E-02 -1.3E-02 psi(4415)           0,2026-06-01T21:38:11+00:00
PDG_MASS_WIDTH_2025,551,,,,eta(b)(1S) 0,eta(b)(1s) 0,9.3987,9398.7,0.002,2,-0.002,-2,0.01,10,0.005,5,-0.004,-4,PDG mass_width raw mass and width values treated as GeV; converted to MeV by multiplying by 1000.,551                          9.3987E+00        +2.0E-03 -2.0E-03  1.0E-02           +5.0E-03 -4.0E-03 eta(b)(1S)          0,2026-06-01T21:38:11+00:00
PDG_MASS_WIDTH_2025,553,,,,Upsilon(1S) 0,upsilon(1s) 0,9.4604,9460.4,0.0001,0.1,-0.0001,-0.1,5.4e-05,0.054,1.3e-06,0.0013,-1.3e-06,-0.0013,PDG mass_width raw mass and width values treated as GeV; converted to MeV by multiplying by 1000.,553                          9.46040E+00       +1.0E-04 -1.0E-04  5.40E-05          +1.3E-06 -1.3E-06 Upsilon(1S)         0,2026-06-01T21:38:11+00:00
PDG_MASS_WIDTH_2025,10551,,,,chi(b0)(1P) 0,chi(b0)(1p) 0,9.8594,9859.4,0.0005,0.5,-0.0005,-0.5,,,,,,,PDG mass_width raw mass and width values treated as GeV; converted to MeV by multiplying by 1000.,10551                          9.8594E+00        +5.0E-04 -5.0E-04                                      chi(b0)(1P)         0,2026-06-01T21:38:11+00:00
PDG_MASS_WIDTH_2025,20553,,,,chi(b1)(1P) 0,chi(b1)(1p) 0,9.8928,9892.8,0.0004,0.4,-0.0004,-0.4,,,,,,,PDG mass_width raw mass and width values treated as GeV; converted to MeV by multiplying by 1000.,20553                          9.8928E+00        +4.0E-04 -4.0E-04                                      chi(b1)(1P)         0,2026-06-01T21:38:11+00:00
PDG_MASS_WIDTH_2025,10553,,,,h(b)(1P) 0,h(b)(1p) 0,9.8993,9899.3,0.0008,0.8,-0.0008,-0.8,,,,,,,PDG mass_width raw mass and width values treated as GeV; converted to MeV by multiplying by 1000.,10553                          9.8993E+00        +8.0E-04 -8.0E-04                                      h(b)(1P)            0,2026-06-01T21:38:11+00:00
PDG_MASS_WIDTH_2025,555,,,,chi(b2)(1P) 0,chi(b2)(1p) 0,9.9122,9912.2,0.0004,0.4,-0.0004,-0.4,,,,,,,PDG mass_width raw mass and width values treated as GeV; converted to MeV by multiplying by 1000.,555                          9.9122E+00        +4.0E-04 -4.0E-04                                      chi(b2)(1P)         0,2026-06-01T21:38:11+00:00
PDG_MASS_WIDTH_2025,100553,,,,Upsilon(2S) 0,upsilon(2s) 0,10.0234,10023.4,0.0005,0.5,-0.0005,-0.5,3.2e-05,0.032,2.6e-06,0.0026,-2.6e-06,-0.0026,PDG mass_width raw mass and width values treated as GeV; converted to MeV by multiplying by 1000.,100553                          1.00234E+01       +5.0E-04 -5.0E-04  3.20E-05          +2.6E-06 -2.6E-06 Upsilon(2S)         0,2026-06-01T21:38:11+00:00
PDG_MASS_WIDTH_2025,20555,,,,Upsilon(2)(1D) 0,upsilon(2)(1d) 0,10.1637,10163.7,0.0014,1.4,-0.0014,-1.4,,,,,,,PDG mass_width raw mass and width values treated as GeV; converted to MeV by multiplying by 1000.,20555                          1.01637E+01       +1.4E-03 -1.4E-03                                      Upsilon(2)(1D)      0,2026-06-01T21:38:11+00:00
PDG_MASS_WIDTH_2025,110551,,,,chi(b0)(2P) 0,chi(b0)(2p) 0,10.2325,10232.5,0.0006,0.6,-0.0006,-0.6,,,,,,,PDG mass_width raw mass and width values treated as GeV; converted to MeV by multiplying by 1000.,110551                          1.02325E+01       +6.0E-04 -6.0E-04                                      chi(b0)(2P)         0,2026-06-01T21:38:11+00:00
PDG_MASS_WIDTH_2025,120553,,,,chi(b1)(2P) 0,chi(b1)(2p) 0,10.2555,10255.5,0.0005,0.5,-0.0005,-0.5,,,,,,,PDG mass_width raw mass and width values treated as GeV; converted to MeV by multiplying by 1000.,120553                          1.02555E+01       +5.0E-04 -5.0E-04                                      chi(b1)(2P)         0,2026-06-01T21:38:11+00:00
PDG_MASS_WIDTH_2025,110553,,,,h(b)(2P) 0,h(b)(2p) 0,10.2598,10259.8,0.0012,1.2,-0.0012,-1.2,,,,,,,PDG mass_width raw mass and width values treated as GeV; converted to MeV by multiplying by 1000.,110553                          1.02598E+01       +1.2E-03 -1.2E-03                                      h(b)(2P)            0,2026-06-01T21:38:11+00:00
PDG_MASS_WIDTH_2025,100555,,,,chi(b2)(2P) 0,chi(b2)(2p) 0,10.2686,10268.6,0.0005,0.5,-0.0005,-0.5,,,,,,,PDG mass_width raw mass and width values treated as GeV; converted to MeV by multiplying by 1000.,100555                          1.02686E+01       +5.0E-04 -5.0E-04                                      chi(b2)(2P)         0,2026-06-01T21:38:11+00:00
PDG_MASS_WIDTH_2025,200553,,,,Upsilon(3S) 0,upsilon(3s) 0,10.3551,10355.1,0.0005,0.5,-0.0005,-0.5,2.03e-05,0.0203,1.9e-06,0.0019,-1.9e-06,-0.0019,PDG mass_width raw mass and width values treated as GeV; converted to MeV by multiplying by 1000.,200553                          1.03551E+01       +5.0E-04 -5.0E-04  2.03E-05          +1.9E-06 -1.9E-06 Upsilon(3S)         0,2026-06-01T21:38:11+00:00
PDG_MASS_WIDTH_2025,220553,,,,chi(b1)(3P) 0,chi(b1)(3p) 0,10.5134,10513.4,0.0007,0.7,-0.0007,-0.7,,,,,,,PDG mass_width raw mass and width values treated as GeV; converted to MeV by multiplying by 1000.,220553                          1.05134E+01       +7.0E-04 -7.0E-04                                      chi(b1)(3P)         0,2026-06-01T21:38:11+00:00
PDG_MASS_WIDTH_2025,200555,,,,chi(b2)(3P) 0,chi(b2)(3p) 0,10.524,10524,0.0008,0.8,-0.0008,-0.8,,,,,,,PDG mass_width raw mass and width values treated as GeV; converted to MeV by multiplying by 1000.,200555                          1.05240E+01       +8.0E-04 -8.0E-04                                      chi(b2)(3P)         0,2026-06-01T21:38:11+00:00
PDG_MASS_WIDTH_2025,300553,,,,Upsilon(4S) 0,upsilon(4s) 0,10.5794,10579.4,0.0012,1.2,-0.0012,-1.2,0.0205,20.5,0.0025,2.5,-0.0025,-2.5,PDG mass_width raw mass and width values treated as GeV; converted to MeV by multiplying by 1000.,300553                          1.05794E+01       +1.2E-03 -1.2E-03  2.05E-02          +2.5E-03 -2.5E-03 Upsilon(4S)         0,2026-06-01T21:38:11+00:00
PDG_MASS_WIDTH_2025,9000553,,,,Upsilon(10860) 0,upsilon(10860) 0,10.8852,10885.2,0.0026,2.6,-0.0016,-1.6,0.037,37,0.004,4,-0.004,-4,PDG mass_width raw mass and width values treated as GeV; converted to MeV by multiplying by 1000.,9000553                          1.08852E+01       +2.6E-03 -1.6E-03  3.7E-02           +4.0E-03 -4.0E-03 Upsilon(10860)      0,2026-06-01T21:38:11+00:00
PDG_MASS_WIDTH_2025,9010553,,,,Upsilon(11020) 0,upsilon(11020) 0,11,11000,0.004,4,-0.004,-4,0.024,24,0.008,8,-0.006,-6,PDG mass_width raw mass and width values treated as GeV; converted to MeV by multiplying by 1000.,9010553                          1.1000E+01        +4.0E-03 -4.0E-03  2.4E-02           +8.0E-03 -6.0E-03 Upsilon(11020)      0,2026-06-01T21:38:11+00:00
PDG_MASS_WIDTH_2025,2212,,,,p +,p +,0.93827208816,938.27208816,2.9e-10,2.9e-07,-2.9e-10,-2.9e-07,0,0,0,0,-0,-0,PDG mass_width raw mass and width values treated as GeV; converted to MeV by multiplying by 1000.,2212                          9.3827208816E-01  +2.9E-10 -2.9E-10  0.E+00            +0.0E+00 -0.0E+00 p                   +,2026-06-01T21:38:11+00:00
PDG_MASS_WIDTH_2025,2112,,,,n 0,n 0,0.9395654205,939.5654205,5e-10,5e-07,-5e-10,-5e-07,7.493e-28,7.493e-25,4e-31,4e-28,-4e-31,-4e-28,PDG mass_width raw mass and width values treated as GeV; converted to MeV by multiplying by 1000.,2112                          9.395654205E-01   +5.0E-10 -5.0E-10  7.493E-28         +4.0E-31 -4.0E-31 n                   0,2026-06-01T21:38:11+00:00
PDG_MASS_WIDTH_2025,12112,12212,,,"N(1440) 0,+","n(1440) 0,+",1.44,1440,0.03,30,-0.03,-30,0.35,350,0.1,100,-0.1,-100,PDG mass_width raw mass and width values treated as GeV; converted to MeV by multiplying by 1000.,"12112   12212                  1.440E+00         +3.0E-02 -3.0E-02  3.5E-01           +1.0E-01 -1.0E-01 N(1440)           0,+",2026-06-01T21:38:11+00:00
PDG_MASS_WIDTH_2025,1214,2124,,,"N(1520) 0,+","n(1520) 0,+",1.515,1515,0.005,5,-0.005,-5,0.11,110,0.01,10,-0.01,-10,PDG mass_width raw mass and width values treated as GeV; converted to MeV by multiplying by 1000.,"1214    2124                  1.515E+00         +5.0E-03 -5.0E-03  1.10E-01          +1.0E-02 -1.0E-02 N(1520)           0,+",2026-06-01T21:38:11+00:00
PDG_MASS_WIDTH_2025,22112,22212,,,"N(1535) 0,+","n(1535) 0,+",1.53,1530,0.015,15,-0.015,-15,0.15,150,0.025,25,-0.025,-25,PDG mass_width raw mass and width values treated as GeV; converted to MeV by multiplying by 1000.,"22112   22212                  1.530E+00         +1.5E-02 -1.5E-02  1.50E-01          +2.5E-02 -2.5E-02 N(1535)           0,+",2026-06-01T21:38:11+00:00
PDG_MASS_WIDTH_2025,32112,32212,,,"N(1650) 0,+","n(1650) 0,+",1.65,1650,0.015,15,-0.015,-15,0.125,125,0.025,25,-0.025,-25,PDG mass_width raw mass and width values treated as GeV; converted to MeV by multiplying by 1000.,"32112   32212                  1.650E+00         +1.5E-02 -1.5E-02  1.25E-01          +2.5E-02 -2.5E-02 N(1650)           0,+",2026-06-01T21:38:11+00:00
PDG_MASS_WIDTH_2025,2116,2216,,,"N(1675) 0,+","n(1675) 0,+",1.675,1675,0.005,5,-0.01,-10,0.145,145,0.015,15,-0.015,-15,PDG mass_width raw mass and width values treated as GeV; converted to MeV by multiplying by 1000.,"2116    2216                  1.675E+00         +5.0E-03 -1.0E-02  1.45E-01          +1.5E-02 -1.5E-02 N(1675)           0,+",2026-06-01T21:38:11+00:00
PDG_MASS_WIDTH_2025,12116,12216,,,"N(1680) 0,+","n(1680) 0,+",1.685,1685,0.005,5,-0.005,-5,0.12,120,0.01,10,-0.005,-5,PDG mass_width raw mass and width values treated as GeV; converted to MeV by multiplying by 1000.,"12116   12216                  1.685E+00         +5.0E-03 -5.0E-03  1.20E-01          +1.0E-02 -5.0E-03 N(1680)           0,+",2026-06-01T21:38:11+00:00
PDG_MASS_WIDTH_2025,21214,22124,,,"N(1700) 0,+","n(1700) 0,+",1.72,1720,0.08,80,-0.07,-70,0.2,200,0.1,100,-0.1,-100,PDG mass_width raw mass and width values treated as GeV; converted to MeV by multiplying by 1000.,"21214   22124                  1.72E+00          +8.0E-02 -7.0E-02  2.0E-01           +1.0E-01 -1.0E-01 N(1700)           0,+",2026-06-01T21:38:11+00:00
PDG_MASS_WIDTH_2025,42112,42212,,,"N(1710) 0,+","n(1710) 0,+",1.71,1710,0.03,30,-0.03,-30,0.14,140,0.06,60,-0.06,-60,PDG mass_width raw mass and width values treated as GeV; converted to MeV by multiplying by 1000.,"42112   42212                  1.710E+00         +3.0E-02 -3.0E-02  1.4E-01           +6.0E-02 -6.0E-02 N(1710)           0,+",2026-06-01T21:38:11+00:00
PDG_MASS_WIDTH_2025,31214,32124,,,"N(1720) 0,+","n(1720) 0,+",1.72,1720,0.03,30,-0.04,-40,0.25,250,0.15,150,-0.1,-100,PDG mass_width raw mass and width values treated as GeV; converted to MeV by multiplying by 1000.,"31214   32124                  1.720E+00         +3.0E-02 -4.0E-02  2.5E-01           +1.5E-01 -1.0E-01 N(1720)           0,+",2026-06-01T21:38:11+00:00
PDG_MASS_WIDTH_2025,1218,2128,,,"N(2190) 0,+","n(2190) 0,+",2.18,2180,0.04,40,-0.04,-40,0.4,400,0.1,100,-0.1,-100,PDG mass_width raw mass and width values treated as GeV; converted to MeV by multiplying by 1000.,"1218    2128                  2.18E+00          +4.0E-02 -4.0E-02  4.0E-01           +1.0E-01 -1.0E-01 N(2190)           0,+",2026-06-01T21:38:11+00:00
PDG_MASS_WIDTH_2025,1114,2114,2214,2224,"Delta(1232) -,0,+,++","delta(1232) -,0,+,++",1.232,1232,0.002,2,-0.002,-2,0.117,117,0.003,3,-0.003,-3,PDG mass_width raw mass and width values treated as GeV; converted to MeV by multiplying by 1000.,"1114    2114    2214    2224  1.2320E+00        +2.0E-03 -2.0E-03  1.170E-01         +3.0E-03 -3.0E-03 Delta(1232)  -,0,+,++",2026-06-01T21:38:11+00:00
PDG_MASS_WIDTH_2025,31114,32114,32214,32224,"Delta(1600) -,0,+,++","delta(1600) -,0,+,++",1.57,1570,0.07,70,-0.07,-70,0.25,250,0.05,50,-0.05,-50,PDG mass_width raw mass and width values treated as GeV; converted to MeV by multiplying by 1000.,"31114   32114   32214   32224  1.57E+00          +7.0E-02 -7.0E-02  2.5E-01           +5.0E-02 -5.0E-02 Delta(1600)  -,0,+,++",2026-06-01T21:38:11+00:00
PDG_MASS_WIDTH_2025,1112,1212,2122,2222,"Delta(1620) -,0,+,++","delta(1620) -,0,+,++",1.61,1610,0.02,20,-0.02,-20,0.13,130,0.02,20,-0.02,-20,PDG mass_width raw mass and width values treated as GeV; converted to MeV by multiplying by 1000.,"1112    1212    2122    2222  1.610E+00         +2.0E-02 -2.0E-02  1.30E-01          +2.0E-02 -2.0E-02 Delta(1620)  -,0,+,++",2026-06-01T21:38:11+00:00
PDG_MASS_WIDTH_2025,11114,12114,12214,12224,"Delta(1700) -,0,+,++","delta(1700) -,0,+,++",1.71,1710,0.02,20,-0.02,-20,0.3,300,0.08,80,-0.08,-80,PDG mass_width raw mass and width values treated as GeV; converted to MeV by multiplying by 1000.,"11114   12114   12214   12224  1.710E+00         +2.0E-02 -2.0E-02  3.0E-01           +8.0E-02 -8.0E-02 Delta(1700)  -,0,+,++",2026-06-01T21:38:11+00:00
PDG_MASS_WIDTH_2025,11112,11212,12122,12222,"Delta(1900) -,0,+,++","delta(1900) -,0,+,++",1.86,1860,0.06,60,-0.02,-20,0.25,250,0.07,70,-0.07,-70,PDG mass_width raw mass and width values treated as GeV; converted to MeV by multiplying by 1000.,"11112   11212   12122   12222  1.860E+00         +6.0E-02 -2.0E-02  2.5E-01           +7.0E-02 -7.0E-02 Delta(1900)  -,0,+,++",2026-06-01T21:38:11+00:00
PDG_MASS_WIDTH_2025,1116,1216,2126,2226,"Delta(1905) -,0,+,++","delta(1905) -,0,+,++",1.88,1880,0.03,30,-0.025,-25,0.33,330,0.07,70,-0.06,-60,PDG mass_width raw mass and width values treated as GeV; converted to MeV by multiplying by 1000.,"1116    1216    2126    2226  1.880E+00         +3.0E-02 -2.5E-02  3.3E-01           +7.0E-02 -6.0E-02 Delta(1905)  -,0,+,++",2026-06-01T21:38:11+00:00
PDG_MASS_WIDTH_2025,21112,21212,22122,22222,"Delta(1910) -,0,+,++","delta(1910) -,0,+,++",1.9,1900,0.05,50,-0.05,-50,0.3,300,0.1,100,-0.1,-100,PDG mass_width raw mass and width values treated as GeV; converted to MeV by multiplying by 1000.,"21112   21212   22122   22222  1.90E+00          +5.0E-02 -5.0E-02  3.0E-01           +1.0E-01 -1.0E-01 Delta(1910)  -,0,+,++",2026-06-01T21:38:11+00:00
PDG_MASS_WIDTH_2025,21114,22114,22214,22224,"Delta(1920) -,0,+,++","delta(1920) -,0,+,++",1.92,1920,0.05,50,-0.05,-50,0.3,300,0.06,60,-0.06,-60,PDG mass_width raw mass and width values treated as GeV; converted to MeV by multiplying by 1000.,"21114   22114   22214   22224  1.92E+00          +5.0E-02 -5.0E-02  3.0E-01           +6.0E-02 -6.0E-02 Delta(1920)  -,0,+,++",2026-06-01T21:38:11+00:00
PDG_MASS_WIDTH_2025,11116,11216,12126,12226,"Delta(1930) -,0,+,++","delta(1930) -,0,+,++",1.95,1950,0.05,50,-0.05,-50,0.3,300,0.1,100,-0.1,-100,PDG mass_width raw mass and width values treated as GeV; converted to MeV by multiplying by 1000.,"11116   11216   12126   12226  1.95E+00          +5.0E-02 -5.0E-02  3.0E-01           +1.0E-01 -1.0E-01 Delta(1930)  -,0,+,++",2026-06-01T21:38:11+00:00
PDG_MASS_WIDTH_2025,1118,2118,2218,2228,"Delta(1950) -,0,+,++","delta(1950) -,0,+,++",1.93,1930,0.02,20,-0.015,-15,0.28,280,0.05,50,-0.05,-50,PDG mass_width raw mass and width values treated as GeV; converted to MeV by multiplying by 1000.,"1118    2118    2218    2228  1.930E+00         +2.0E-02 -1.5E-02  2.8E-01           +5.0E-02 -5.0E-02 Delta(1950)  -,0,+,++",2026-06-01T21:38:11+00:00
PDG_MASS_WIDTH_2025,3122,,,,Lambda 0,lambda 0,1.115683,1115.683,6e-06,0.006,-6e-06,-0.006,2.515e-15,2.515e-12,1e-17,1e-14,-1e-17,-1e-14,PDG mass_width raw mass and width values treated as GeV; converted to MeV by multiplying by 1000.,3122                          1.115683E+00      +6.0E-06 -6.0E-06  2.515E-15         +1.0E-17 -1.0E-17 Lambda              0,2026-06-01T21:38:11+00:00
PDG_MASS_WIDTH_2025,13122,,,,Lambda(1405) 0,lambda(1405) 0,1.4051,1405.1,0.0013,1.3,-0.001,-1,0.0505,50.5,0.002,2,-0.002,-2,PDG mass_width raw mass and width values treated as GeV; converted to MeV by multiplying by 1000.,13122                          1.4051E+00        +1.3E-03 -1.0E-03  5.05E-02          +2.0E-03 -2.0E-03 Lambda(1405)        0,2026-06-01T21:38:11+00:00
PDG_MASS_WIDTH_2025,3124,,,,Lambda(1520) 0,lambda(1520) 0,1.519,1519,0.001,1,-0.001,-1,0.016,16,0.001,1,-0.001,-1,PDG mass_width raw mass and width values treated as GeV; converted to MeV by multiplying by 1000.,3124                          1.5190E+00        +1.0E-03 -1.0E-03  1.60E-02          +1.0E-03 -1.0E-03 Lambda(1520)        0,2026-06-01T21:38:11+00:00
PDG_MASS_WIDTH_2025,23122,,,,Lambda(1600) 0,lambda(1600) 0,1.6,1600,0.03,30,-0.03,-30,0.2,200,0.05,50,-0.05,-50,PDG mass_width raw mass and width values treated as GeV; converted to MeV by multiplying by 1000.,23122                          1.600E+00         +3.0E-02 -3.0E-02  2.0E-01           +5.0E-02 -5.0E-02 Lambda(1600)        0,2026-06-01T21:38:11+00:00
PDG_MASS_WIDTH_2025,33122,,,,Lambda(1670) 0,lambda(1670) 0,1.674,1674,0.004,4,-0.004,-4,0.03,30,0.005,5,-0.005,-5,PDG mass_width raw mass and width values treated as GeV; converted to MeV by multiplying by 1000.,33122                          1.674E+00         +4.0E-03 -4.0E-03  3.0E-02           +5.0E-03 -5.0E-03 Lambda(1670)        0,2026-06-01T21:38:11+00:00
PDG_MASS_WIDTH_2025,13124,,,,Lambda(1690) 0,lambda(1690) 0,1.69,1690,0.005,5,-0.005,-5,0.07,70,0.01,10,-0.01,-10,PDG mass_width raw mass and width values treated as GeV; converted to MeV by multiplying by 1000.,13124                          1.690E+00         +5.0E-03 -5.0E-03  7.0E-02           +1.0E-02 -1.0E-02 Lambda(1690)        0,2026-06-01T21:38:11+00:00
PDG_MASS_WIDTH_2025,43122,,,,Lambda(1800) 0,lambda(1800) 0,1.8,1800,0.05,50,-0.05,-50,0.2,200,0.05,50,-0.05,-50,PDG mass_width raw mass and width values treated as GeV; converted to MeV by multiplying by 1000.,43122                          1.80E+00          +5.0E-02 -5.0E-02  2.0E-01           +5.0E-02 -5.0E-02 Lambda(1800)        0,2026-06-01T21:38:11+00:00
PDG_MASS_WIDTH_2025,53122,,,,Lambda(1810) 0,lambda(1810) 0,1.79,1790,0.05,50,-0.05,-50,0.11,110,0.06,60,-0.06,-60,PDG mass_width raw mass and width values treated as GeV; converted to MeV by multiplying by 1000.,53122                          1.79E+00          +5.0E-02 -5.0E-02  1.1E-01           +6.0E-02 -6.0E-02 Lambda(1810)        0,2026-06-01T21:38:11+00:00
PDG_MASS_WIDTH_2025,3126,,,,Lambda(1820) 0,lambda(1820) 0,1.82,1820,0.005,5,-0.005,-5,0.08,80,0.01,10,-0.01,-10,PDG mass_width raw mass and width values treated as GeV; converted to MeV by multiplying by 1000.,3126                          1.820E+00         +5.0E-03 -5.0E-03  8.0E-02           +1.0E-02 -1.0E-02 Lambda(1820)        0,2026-06-01T21:38:11+00:00
PDG_MASS_WIDTH_2025,13126,,,,Lambda(1830) 0,lambda(1830) 0,1.825,1825,0.005,5,-0.005,-5,0.09,90,0.03,30,-0.03,-30,PDG mass_width raw mass and width values treated as GeV; converted to MeV by multiplying by 1000.,13126                          1.825E+00         +5.0E-03 -5.0E-03  9.0E-02           +3.0E-02 -3.0E-02 Lambda(1830)        0,2026-06-01T21:38:11+00:00
PDG_MASS_WIDTH_2025,23124,,,,Lambda(1890) 0,lambda(1890) 0,1.89,1890,0.02,20,-0.02,-20,0.12,120,0.04,40,-0.04,-40,PDG mass_width raw mass and width values treated as GeV; converted to MeV by multiplying by 1000.,23124                          1.890E+00         +2.0E-02 -2.0E-02  1.2E-01           +4.0E-02 -4.0E-02 Lambda(1890)        0,2026-06-01T21:38:11+00:00
PDG_MASS_WIDTH_2025,3128,,,,Lambda(2100) 0,lambda(2100) 0,2.1,2100,0.01,10,-0.01,-10,0.2,200,0.05,50,-0.1,-100,PDG mass_width raw mass and width values treated as GeV; converted to MeV by multiplying by 1000.,3128                          2.100E+00         +1.0E-02 -1.0E-02  2.0E-01           +5.0E-02 -1.0E-01 Lambda(2100)        0,2026-06-01T21:38:11+00:00
PDG_MASS_WIDTH_2025,23126,,,,Lambda(2110) 0,lambda(2110) 0,2.09,2090,0.04,40,-0.04,-40,0.25,250,0.05,50,-0.05,-50,PDG mass_width raw mass and width values treated as GeV; converted to MeV by multiplying by 1000.,23126                          2.09E+00          +4.0E-02 -4.0E-02  2.5E-01           +5.0E-02 -5.0E-02 Lambda(2110)        0,2026-06-01T21:38:11+00:00
PDG_MASS_WIDTH_2025,3222,,,,Sigma +,sigma +,1.18937,1189.37,7e-05,0.07,-7e-05,-0.07,8.209e-15,8.209e-12,2.7e-17,2.7e-14,-2.7e-17,-2.7e-14,PDG mass_width raw mass and width values treated as GeV; converted to MeV by multiplying by 1000.,3222                          1.18937E+00       +7.0E-05 -7.0E-05  8.209E-15         +2.7E-17 -2.7E-17 Sigma               +,2026-06-01T21:38:11+00:00
PDG_MASS_WIDTH_2025,3212,,,,Sigma 0,sigma 0,1.192642,1192.642,2.4e-05,0.024,-2.4e-05,-0.024,8.9e-06,0.0089,9e-07,0.0009,-8e-07,-0.0008,PDG mass_width raw mass and width values treated as GeV; converted to MeV by multiplying by 1000.,3212                          1.192642E+00      +2.4E-05 -2.4E-05  8.9E-06           +9.0E-07 -8.0E-07 Sigma               0,2026-06-01T21:38:11+00:00
PDG_MASS_WIDTH_2025,3112,,,,Sigma -,sigma -,1.197449,1197.449,2.9e-05,0.029,-2.9e-05,-0.029,4.45e-15,4.45e-12,3.2e-17,3.2e-14,-3.2e-17,-3.2e-14,PDG mass_width raw mass and width values treated as GeV; converted to MeV by multiplying by 1000.,3112                          1.197449E+00      +2.9E-05 -2.9E-05  4.450E-15         +3.2E-17 -3.2E-17 Sigma               -,2026-06-01T21:38:11+00:00
PDG_MASS_WIDTH_2025,3114,,,,Sigma(1385) -,sigma(1385) -,1.3872,1387.2,0.0005,0.5,-0.0005,-0.5,0.0394,39.4,0.0021,2.1,-0.0021,-2.1,PDG mass_width raw mass and width values treated as GeV; converted to MeV by multiplying by 1000.,3114                          1.3872E+00        +5.0E-04 -5.0E-04  3.94E-02          +2.1E-03 -2.1E-03 Sigma(1385)         -,2026-06-01T21:38:11+00:00
PDG_MASS_WIDTH_2025,3214,,,,Sigma(1385) 0,sigma(1385) 0,1.3837,1383.7,0.001,1,-0.001,-1,0.036,36,0.005,5,-0.005,-5,PDG mass_width raw mass and width values treated as GeV; converted to MeV by multiplying by 1000.,3214                          1.3837E+00        +1.0E-03 -1.0E-03  3.6E-02           +5.0E-03 -5.0E-03 Sigma(1385)         0,2026-06-01T21:38:11+00:00
PDG_MASS_WIDTH_2025,3224,,,,Sigma(1385) +,sigma(1385) +,1.38283,1382.83,0.00034,0.34,-0.00034,-0.34,0.0362,36.2,0.0007,0.7,-0.0007,-0.7,PDG mass_width raw mass and width values treated as GeV; converted to MeV by multiplying by 1000.,3224                          1.38283E+00       +3.4E-04 -3.4E-04  3.62E-02          +7.0E-04 -7.0E-04 Sigma(1385)         +,2026-06-01T21:38:11+00:00
PDG_MASS_WIDTH_2025,13112,13212,13222,,"Sigma(1660) -,0,+","sigma(1660) -,0,+",1.66,1660,0.02,20,-0.02,-20,0.2,200,0.1,100,-0.1,-100,PDG mass_width raw mass and width values treated as GeV; converted to MeV by multiplying by 1000.,"13112   13212   13222          1.660E+00         +2.0E-02 -2.0E-02  2.0E-01           +1.0E-01 -1.0E-01 Sigma(1660)     -,0,+",2026-06-01T21:38:11+00:00
PDG_MASS_WIDTH_2025,13114,13214,13224,,"Sigma(1670) -,0,+","sigma(1670) -,0,+",1.675,1675,0.01,10,-0.01,-10,0.07,70,0.03,30,-0.03,-30,PDG mass_width raw mass and width values treated as GeV; converted to MeV by multiplying by 1000.,"13114   13214   13224          1.675E+00         +1.0E-02 -1.0E-02  7.0E-02           +3.0E-02 -3.0E-02 Sigma(1670)     -,0,+",2026-06-01T21:38:11+00:00
PDG_MASS_WIDTH_2025,23112,23212,23222,,"Sigma(1750) -,0,+","sigma(1750) -,0,+",1.75,1750,0.05,50,-0.05,-50,0.15,150,0.05,50,-0.05,-50,PDG mass_width raw mass and width values treated as GeV; converted to MeV by multiplying by 1000.,"23112   23212   23222          1.75E+00          +5.0E-02 -5.0E-02  1.5E-01           +5.0E-02 -5.0E-02 Sigma(1750)     -,0,+",2026-06-01T21:38:11+00:00
PDG_MASS_WIDTH_2025,3116,3216,3226,,"Sigma(1775) -,0,+","sigma(1775) -,0,+",1.775,1775,0.005,5,-0.005,-5,0.12,120,0.015,15,-0.015,-15,PDG mass_width raw mass and width values treated as GeV; converted to MeV by multiplying by 1000.,"3116    3216    3226          1.775E+00         +5.0E-03 -5.0E-03  1.20E-01          +1.5E-02 -1.5E-02 Sigma(1775)     -,0,+",2026-06-01T21:38:11+00:00
PDG_MASS_WIDTH_2025,23114,23214,23224,,"Sigma(1910) -,0,+","sigma(1910) -,0,+",1.91,1910,0.04,40,-0.04,-40,0.22,220,0.08,80,-0.07,-70,PDG mass_width raw mass and width values treated as GeV; converted to MeV by multiplying by 1000.,"23114   23214   23224          1.91E+00          +4.0E-02 -4.0E-02  2.2E-01           +8.0E-02 -7.0E-02 Sigma(1910)     -,0,+",2026-06-01T21:38:11+00:00
PDG_MASS_WIDTH_2025,13116,13216,13226,,"Sigma(1915) -,0,+","sigma(1915) -,0,+",1.915,1915,0.02,20,-0.015,-15,0.12,120,0.04,40,-0.04,-40,PDG mass_width raw mass and width values treated as GeV; converted to MeV by multiplying by 1000.,"13116   13216   13226          1.915E+00         +2.0E-02 -1.5E-02  1.2E-01           +4.0E-02 -4.0E-02 Sigma(1915)     -,0,+",2026-06-01T21:38:11+00:00
PDG_MASS_WIDTH_2025,3118,3218,3228,,"Sigma(2030) -,0,+","sigma(2030) -,0,+",2.03,2030,0.01,10,-0.005,-5,0.18,180,0.02,20,-0.03,-30,PDG mass_width raw mass and width values treated as GeV; converted to MeV by multiplying by 1000.,"3118    3218    3228          2.030E+00         +1.0E-02 -5.0E-03  1.80E-01          +2.0E-02 -3.0E-02 Sigma(2030)     -,0,+",2026-06-01T21:38:11+00:00
PDG_MASS_WIDTH_2025,3322,,,,Xi 0,xi 0,1.31486,1314.86,0.0002,0.2,-0.0002,-0.2,2.27e-15,2.27e-12,7e-17,7e-14,-7e-17,-7e-14,PDG mass_width raw mass and width values treated as GeV; converted to MeV by multiplying by 1000.,3322                          1.31486E+00       +2.0E-04 -2.0E-04  2.27E-15          +7.0E-17 -7.0E-17 Xi                  0,2026-06-01T21:38:11+00:00
PDG_MASS_WIDTH_2025,3312,,,,Xi -,xi -,1.32171,1321.71,7e-05,0.07,-7e-05,-0.07,4.02e-15,4.02e-12,4e-17,4e-14,-4e-17,-4e-14,PDG mass_width raw mass and width values treated as GeV; converted to MeV by multiplying by 1000.,3312                          1.32171E+00       +7.0E-05 -7.0E-05  4.02E-15          +4.0E-17 -4.0E-17 Xi                  -,2026-06-01T21:38:11+00:00
PDG_MASS_WIDTH_2025,3314,,,,Xi(1530) -,xi(1530) -,1.535,1535,0.0006,0.6,-0.0006,-0.6,0.0099,9.9,0.0017,1.7,-0.0019,-1.9,PDG mass_width raw mass and width values treated as GeV; converted to MeV by multiplying by 1000.,3314                          1.5350E+00        +6.0E-04 -6.0E-04  9.9E-03           +1.7E-03 -1.9E-03 Xi(1530)            -,2026-06-01T21:38:11+00:00
PDG_MASS_WIDTH_2025,3324,,,,Xi(1530) 0,xi(1530) 0,1.5318,1531.8,0.00032,0.32,-0.00032,-0.32,0.0091,9.1,0.0005,0.5,-0.0005,-0.5,PDG mass_width raw mass and width values treated as GeV; converted to MeV by multiplying by 1000.,3324                          1.53180E+00       +3.2E-04 -3.2E-04  9.1E-03           +5.0E-04 -5.0E-04 Xi(1530)            0,2026-06-01T21:38:11+00:00
PDG_MASS_WIDTH_2025,203312,203322,,,"Xi(1690) -,0","xi(1690) -,0",1.69,1690,0.01,10,-0.01,-10,0.02,20,0.015,15,-0.015,-15,PDG mass_width raw mass and width values treated as GeV; converted to MeV by multiplying by 1000.,"203312  203322                  1.690E+00         +1.0E-02 -1.0E-02  2.0E-02           +1.5E-02 -1.5E-02 Xi(1690)          -,0",2026-06-01T21:38:11+00:00
PDG_MASS_WIDTH_2025,13314,13324,,,"Xi(1820) -,0","xi(1820) -,0",1.823,1823,0.005,5,-0.005,-5,0.024,24,0.015,15,-0.01,-10,PDG mass_width raw mass and width values treated as GeV; converted to MeV by multiplying by 1000.,"13314   13324                  1.823E+00         +5.0E-03 -5.0E-03  2.4E-02           +1.5E-02 -1.0E-02 Xi(1820)          -,0",2026-06-01T21:38:11+00:00
PDG_MASS_WIDTH_2025,103316,103326,,,"Xi(1950) -,0","xi(1950) -,0",1.95,1950,0.015,15,-0.015,-15,0.06,60,0.02,20,-0.02,-20,PDG mass_width raw mass and width values treated as GeV; converted to MeV by multiplying by 1000.,"103316  103326                  1.950E+00         +1.5E-02 -1.5E-02  6.0E-02           +2.0E-02 -2.0E-02 Xi(1950)          -,0",2026-06-01T21:38:11+00:00
PDG_MASS_WIDTH_2025,203316,203326,,,"Xi(2030) -,0","xi(2030) -,0",2.025,2025,0.005,5,-0.005,-5,0.02,20,0.015,15,-0.005,-5,PDG mass_width raw mass and width values treated as GeV; converted to MeV by multiplying by 1000.,"203316  203326                  2.025E+00         +5.0E-03 -5.0E-03  2.0E-02           +1.5E-02 -5.0E-03 Xi(2030)          -,0",2026-06-01T21:38:11+00:00
PDG_MASS_WIDTH_2025,3334,,,,Omega -,omega -,1.67245,1672.45,0.00029,0.29,-0.00029,-0.29,8.02e-15,8.02e-12,1e-16,1e-13,-1e-16,-1e-13,PDG mass_width raw mass and width values treated as GeV; converted to MeV by multiplying by 1000.,3334                          1.67245E+00       +2.9E-04 -2.9E-04  8.02E-15          +1.0E-16 -1.0E-16 Omega               -,2026-06-01T21:38:11+00:00
PDG_MASS_WIDTH_2025,203338,,,,Omega(2250) -,omega(2250) -,2.252,2252,0.009,9,-0.009,-9,0.055,55,0.018,18,-0.018,-18,PDG mass_width raw mass and width values treated as GeV; converted to MeV by multiplying by 1000.,203338                          2.252E+00         +9.0E-03 -9.0E-03  5.5E-02           +1.8E-02 -1.8E-02 Omega(2250)         -,2026-06-01T21:38:11+00:00
PDG_MASS_WIDTH_2025,4122,,,,Lambda(c) +,lambda(c) +,2.28646,2286.46,0.00014,0.14,-0.00014,-0.14,3.248e-12,3.248e-09,1.5e-14,1.5e-11,-1.5e-14,-1.5e-11,PDG mass_width raw mass and width values treated as GeV; converted to MeV by multiplying by 1000.,4122                          2.28646E+00       +1.4E-04 -1.4E-04  3.248E-12         +1.5E-14 -1.5E-14 Lambda(c)           +,2026-06-01T21:38:11+00:00
PDG_MASS_WIDTH_2025,14122,,,,Lambda(c)(2595) +,lambda(c)(2595) +,2.59225,2592.25,0.00028,0.28,-0.00028,-0.28,0.0026,2.6,0.0006,0.6,-0.0006,-0.6,PDG mass_width raw mass and width values treated as GeV; converted to MeV by multiplying by 1000.,14122                          2.59225E+00       +2.8E-04 -2.8E-04  2.6E-03           +6.0E-04 -6.0E-04 Lambda(c)(2595)     +,2026-06-01T21:38:11+00:00
PDG_MASS_WIDTH_2025,104122,,,,Lambda(c)(2625) +,lambda(c)(2625) +,2.628,2628,0.00015,0.15,-0.00015,-0.15,,,,,,,PDG mass_width raw mass and width values treated as GeV; converted to MeV by multiplying by 1000.,104122                          2.62800E+00       +1.5E-04 -1.5E-04                                      Lambda(c)(2625)     +,2026-06-01T21:38:11+00:00
PDG_MASS_WIDTH_2025,204126,,,,Lambda(c)(2880) +,lambda(c)(2880) +,2.88163,2881.63,0.00024,0.24,-0.00024,-0.24,0.0056,5.6,0.0008,0.8,-0.0006,-0.6,PDG mass_width raw mass and width values treated as GeV; converted to MeV by multiplying by 1000.,204126                          2.88163E+00       +2.4E-04 -2.4E-04  5.6E-03           +8.0E-04 -6.0E-04 Lambda(c)(2880)     +,2026-06-01T21:38:11+00:00
PDG_MASS_WIDTH_2025,4112,,,,Sigma(c)(2455) 0,sigma(c)(2455) 0,2.45375,2453.75,0.00014,0.14,-0.00014,-0.14,0.00183,1.83,0.00011,0.11,-0.00019,-0.19,PDG mass_width raw mass and width values treated as GeV; converted to MeV by multiplying by 1000.,4112                          2.45375E+00       +1.4E-04 -1.4E-04  1.83E-03          +1.1E-04 -1.9E-04 Sigma(c)(2455)      0,2026-06-01T21:38:11+00:00
PDG_MASS_WIDTH_2025,4212,,,,Sigma(c)(2455) +,sigma(c)(2455) +,2.45265,2452.65,0.00022,0.22,-0.00016,-0.16,0.0023,2.3,0.0004,0.4,-0.0004,-0.4,PDG mass_width raw mass and width values treated as GeV; converted to MeV by multiplying by 1000.,4212                          2.45265E+00       +2.2E-04 -1.6E-04  2.3E-03           +4.0E-04 -4.0E-04 Sigma(c)(2455)      +,2026-06-01T21:38:11+00:00
PDG_MASS_WIDTH_2025,4222,,,,Sigma(c)(2455) ++,sigma(c)(2455) ++,2.45397,2453.97,0.00014,0.14,-0.00014,-0.14,0.00189,1.89,9e-05,0.09,-0.00018,-0.18,PDG mass_width raw mass and width values treated as GeV; converted to MeV by multiplying by 1000.,4222                          2.45397E+00       +1.4E-04 -1.4E-04  1.89E-03          +9.0E-05 -1.8E-04 Sigma(c)(2455)     ++,2026-06-01T21:38:11+00:00
PDG_MASS_WIDTH_2025,4114,,,,Sigma(c)(2520) 0,sigma(c)(2520) 0,2.51848,2518.48,0.00021,0.21,-0.00021,-0.21,0.0153,15.3,0.0004,0.4,-0.0005,-0.5,PDG mass_width raw mass and width values treated as GeV; converted to MeV by multiplying by 1000.,4114                          2.51848E+00       +2.1E-04 -2.1E-04  1.53E-02          +4.0E-04 -5.0E-04 Sigma(c)(2520)      0,2026-06-01T21:38:11+00:00
PDG_MASS_WIDTH_2025,4214,,,,Sigma(c)(2520) +,sigma(c)(2520) +,2.5174,2517.4,0.0007,0.7,-0.0005,-0.5,0.0172,17.2,0.004,4,-0.0022,-2.2,PDG mass_width raw mass and width values treated as GeV; converted to MeV by multiplying by 1000.,4214                          2.5174E+00        +7.0E-04 -5.0E-04  1.72E-02          +4.0E-03 -2.2E-03 Sigma(c)(2520)      +,2026-06-01T21:38:11+00:00
PDG_MASS_WIDTH_2025,4224,,,,Sigma(c)(2520) ++,sigma(c)(2520) ++,2.51841,2518.41,0.00022,0.22,-0.00022,-0.22,0.01478,14.78,0.0003,0.3,-0.0004,-0.4,PDG mass_width raw mass and width values treated as GeV; converted to MeV by multiplying by 1000.,4224                          2.51841E+00       +2.2E-04 -2.2E-04  1.478E-02         +3.0E-04 -4.0E-04 Sigma(c)(2520)     ++,2026-06-01T21:38:11+00:00
PDG_MASS_WIDTH_2025,4232,,,,Xi(c) +,xi(c) +,2.46771,2467.71,0.00023,0.23,-0.00023,-0.23,1.453e-12,1.453e-09,1.6e-14,1.6e-11,-1.6e-14,-1.6e-11,PDG mass_width raw mass and width values treated as GeV; converted to MeV by multiplying by 1000.,4232                          2.46771E+00       +2.3E-04 -2.3E-04  1.453E-12         +1.6E-14 -1.6E-14 Xi(c)               +,2026-06-01T21:38:11+00:00
PDG_MASS_WIDTH_2025,4132,,,,Xi(c) 0,xi(c) 0,2.47044,2470.44,0.00028,0.28,-0.00028,-0.28,4.38e-12,4.38e-09,8e-14,8e-11,-8e-14,-8e-11,PDG mass_width raw mass and width values treated as GeV; converted to MeV by multiplying by 1000.,4132                          2.47044E+00       +2.8E-04 -2.8E-04  4.38E-12          +8.0E-14 -8.0E-14 Xi(c)               0,2026-06-01T21:38:11+00:00
PDG_MASS_WIDTH_2025,4322,,,,Xi(c)' +,xi(c)' +,2.5782,2578.2,0.0005,0.5,-0.0005,-0.5,,,,,,,PDG mass_width raw mass and width values treated as GeV; converted to MeV by multiplying by 1000.,4322                          2.5782E+00        +5.0E-04 -5.0E-04                                      Xi(c)'              +,2026-06-01T21:38:11+00:00
PDG_MASS_WIDTH_2025,4312,,,,Xi(c)' 0,xi(c)' 0,2.5787,2578.7,0.0005,0.5,-0.0005,-0.5,,,,,,,PDG mass_width raw mass and width values treated as GeV; converted to MeV by multiplying by 1000.,4312                          2.5787E+00        +5.0E-04 -5.0E-04                                      Xi(c)'              0,2026-06-01T21:38:11+00:00
PDG_MASS_WIDTH_2025,4314,,,,Xi(c)(2645) 0,xi(c)(2645) 0,2.64616,2646.16,0.00025,0.25,-0.00025,-0.25,0.00235,2.35,0.00022,0.22,-0.00022,-0.22,PDG mass_width raw mass and width values treated as GeV; converted to MeV by multiplying by 1000.,4314                          2.64616E+00       +2.5E-04 -2.5E-04  2.35E-03          +2.2E-04 -2.2E-04 Xi(c)(2645)         0,2026-06-01T21:38:11+00:00
PDG_MASS_WIDTH_2025,4324,,,,Xi(c)(2645) +,xi(c)(2645) +,2.6451,2645.1,0.0003,0.3,-0.0003,-0.3,0.00214,2.14,0.00019,0.19,-0.00019,-0.19,PDG mass_width raw mass and width values treated as GeV; converted to MeV by multiplying by 1000.,4324                          2.64510E+00       +3.0E-04 -3.0E-04  2.14E-03          +1.9E-04 -1.9E-04 Xi(c)(2645)         +,2026-06-01T21:38:11+00:00
PDG_MASS_WIDTH_2025,104314,,,,Xi(c)(2790) 0,xi(c)(2790) 0,2.7939,2793.9,0.0005,0.5,-0.0005,-0.5,0.01,10,0.0011,1.1,-0.0011,-1.1,PDG mass_width raw mass and width values treated as GeV; converted to MeV by multiplying by 1000.,104314                          2.7939E+00        +5.0E-04 -5.0E-04  1.00E-02          +1.1E-03 -1.1E-03 Xi(c)(2790)         0,2026-06-01T21:38:11+00:00
PDG_MASS_WIDTH_2025,104324,,,,Xi(c)(2790) +,xi(c)(2790) +,2.7919,2791.9,0.0005,0.5,-0.0005,-0.5,0.0089,8.9,0.001,1,-0.001,-1,PDG mass_width raw mass and width values treated as GeV; converted to MeV by multiplying by 1000.,104324                          2.7919E+00        +5.0E-04 -5.0E-04  8.9E-03           +1.0E-03 -1.0E-03 Xi(c)(2790)         +,2026-06-01T21:38:11+00:00
PDG_MASS_WIDTH_2025,104312,,,,Xi(c)(2815) 0,xi(c)(2815) 0,2.81979,2819.79,0.0003,0.3,-0.0003,-0.3,0.00254,2.54,0.00025,0.25,-0.00025,-0.25,PDG mass_width raw mass and width values treated as GeV; converted to MeV by multiplying by 1000.,104312                          2.81979E+00       +3.0E-04 -3.0E-04  2.54E-03          +2.5E-04 -2.5E-04 Xi(c)(2815)         0,2026-06-01T21:38:11+00:00
PDG_MASS_WIDTH_2025,104322,,,,Xi(c)(2815) +,xi(c)(2815) +,2.81651,2816.51,0.00025,0.25,-0.00025,-0.25,0.00243,2.43,0.00026,0.26,-0.00026,-0.26,PDG mass_width raw mass and width values treated as GeV; converted to MeV by multiplying by 1000.,104322                          2.81651E+00       +2.5E-04 -2.5E-04  2.43E-03          +2.6E-04 -2.6E-04 Xi(c)(2815)         +,2026-06-01T21:38:11+00:00
PDG_MASS_WIDTH_2025,4332,,,,Omega(c) 0,omega(c) 0,2.6953,2695.3,0.0004,0.4,-0.0004,-0.4,2.41e-12,2.41e-09,1.1e-13,1.1e-10,-1.1e-13,-1.1e-10,PDG mass_width raw mass and width values treated as GeV; converted to MeV by multiplying by 1000.,4332                          2.6953E+00        +4.0E-04 -4.0E-04  2.41E-12          +1.1E-13 -1.1E-13 Omega(c)            0,2026-06-01T21:38:11+00:00
PDG_MASS_WIDTH_2025,4334,,,,Omega(c)(2770) 0,omega(c)(2770) 0,2.766,2766,0.0009,0.9,-0.001,-1,,,,,,,PDG mass_width raw mass and width values treated as GeV; converted to MeV by multiplying by 1000.,4334                          2.7660E+00        +9.0E-04 -1.0E-03                                      Omega(c)(2770)      0,2026-06-01T21:38:11+00:00
PDG_MASS_WIDTH_2025,5122,,,,Lambda(b) 0,lambda(b) 0,5.61957,5619.57,0.00016,0.16,-0.00016,-0.16,4.484e-13,4.484e-10,2.7e-15,2.7e-12,-2.7e-15,-2.7e-12,PDG mass_width raw mass and width values treated as GeV; converted to MeV by multiplying by 1000.,5122                          5.61957E+00       +1.6E-04 -1.6E-04  4.484E-13         +2.7E-15 -2.7E-15 Lambda(b)           0,2026-06-01T21:38:11+00:00
PDG_MASS_WIDTH_2025,5112,,,,Sigma(b) -,sigma(b) -,5.81564,5815.64,0.00027,0.27,-0.00027,-0.27,0.0053,5.3,0.0005,0.5,-0.0005,-0.5,PDG mass_width raw mass and width values treated as GeV; converted to MeV by multiplying by 1000.,5112                          5.81564E+00       +2.7E-04 -2.7E-04  5.3E-03           +5.0E-04 -5.0E-04 Sigma(b)            -,2026-06-01T21:38:11+00:00
PDG_MASS_WIDTH_2025,5222,,,,Sigma(b) +,sigma(b) +,5.81056,5810.56,0.00025,0.25,-0.00025,-0.25,0.005,5,0.0005,0.5,-0.0005,-0.5,PDG mass_width raw mass and width values treated as GeV; converted to MeV by multiplying by 1000.,5222                          5.81056E+00       +2.5E-04 -2.5E-04  5.0E-03           +5.0E-04 -5.0E-04 Sigma(b)            +,2026-06-01T21:38:11+00:00
PDG_MASS_WIDTH_2025,5114,,,,Sigma(b)* -,sigma(b)* -,5.83474,5834.74,0.0003,0.3,-0.0003,-0.3,0.0104,10.4,0.0008,0.8,-0.0008,-0.8,PDG mass_width raw mass and width values treated as GeV; converted to MeV by multiplying by 1000.,5114                          5.83474E+00       +3.0E-04 -3.0E-04  1.04E-02          +8.0E-04 -8.0E-04 Sigma(b)*           -,2026-06-01T21:38:11+00:00
PDG_MASS_WIDTH_2025,5224,,,,Sigma(b)* +,sigma(b)* +,5.83032,5830.32,0.00027,0.27,-0.00027,-0.27,0.0094,9.4,0.0005,0.5,-0.0005,-0.5,PDG mass_width raw mass and width values treated as GeV; converted to MeV by multiplying by 1000.,5224                          5.83032E+00       +2.7E-04 -2.7E-04  9.4E-03           +5.0E-04 -5.0E-04 Sigma(b)*           +,2026-06-01T21:38:11+00:00
PDG_MASS_WIDTH_2025,5132,,,,Xi(b) -,xi(b) -,5.797,5797,0.0004,0.4,-0.0004,-0.4,4.17e-13,4.17e-10,6e-15,6e-12,-6e-15,-6e-12,PDG mass_width raw mass and width values treated as GeV; converted to MeV by multiplying by 1000.,5132                          5.7970E+00        +4.0E-04 -4.0E-04  4.17E-13          +6.0E-15 -6.0E-15 Xi(b)               -,2026-06-01T21:38:11+00:00
PDG_MASS_WIDTH_2025,5232,,,,Xi(b) 0,xi(b) 0,5.7917,5791.7,0.0004,0.4,-0.0004,-0.4,4.46e-13,4.46e-10,1e-14,1e-11,-1e-14,-1e-11,PDG mass_width raw mass and width values treated as GeV; converted to MeV by multiplying by 1000.,5232                          5.7917E+00        +4.0E-04 -4.0E-04  4.46E-13          +1.0E-14 -1.0E-14 Xi(b)               0,2026-06-01T21:38:11+00:00
PDG_MASS_WIDTH_2025,5332,,,,Omega(b) -,omega(b) -,6.0458,6045.8,0.0008,0.8,-0.0008,-0.8,4e-13,4e-10,4e-14,4e-11,-4e-14,-4e-11,PDG mass_width raw mass and width values treated as GeV; converted to MeV by multiplying by 1000.,5332                          6.0458E+00        +8.0E-04 -8.0E-04  4.0E-13           +4.0E-14 -4.0E-14 Omega(b)            -,2026-06-01T21:38:11+00:00
